scan,date,time,raw,calibrated
1,23/11/2022 , 14:10:00,3519,228.1
2,23/11/2022 , 14:20:00,2745,177.9
3,23/11/2022 , 14:30:00,3269,211.9
4,23/11/2022 , 14:40:00,5287,342.7
5,23/11/2022 , 14:50:00,8012,519.3
6,23/11/2022 , 15:00:00,2794,181.1
7,23/11/2022 , 15:10:00,3183,206.3
8,23/11/2022 , 15:20:00,3141,203.6
9,23/11/2022 , 15:30:00,2433,157.7
10,23/11/2022 , 15:40:00,2241,145.3
11,23/11/2022 , 15:50:00,3005,194.8
12,23/11/2022 , 16:00:00,3715,240.8
13,23/11/2022 , 16:10:00,3120,202.2
14,23/11/2022 , 16:20:00,2687,174.2
15,23/11/2022 , 16:30:00,3031,196.5
16,23/11/2022 , 16:40:00,2320,150.4
17,23/11/2022 , 16:50:00,1933,125.3
18,23/11/2022 , 17:00:00,1627,105.5
19,23/11/2022 , 17:10:00,1183,76.7
20,23/11/2022 , 17:20:00,837,54.3
21,23/11/2022 , 17:30:00,471,30.5
22,23/11/2022 , 17:40:00,256,16.6
23,23/11/2022 , 17:50:00,122,7.9
24,23/11/2022 , 18:00:00,36,2.3
25,23/11/2022 , 18:10:00,2,0.1
26,23/11/2022 , 18:20:00,0,0
27,23/11/2022 , 18:30:00,0,0
28,23/11/2022 , 18:40:00,0,0
29,23/11/2022 , 18:50:00,0,0
30,23/11/2022 , 19:00:00,0,0
31,23/11/2022 , 19:10:00,0,0
32,23/11/2022 , 19:20:00,0,0
33,23/11/2022 , 19:30:00,0,0
34,23/11/2022 , 19:40:00,0,0
35,23/11/2022 , 19:50:00,0,0
36,23/11/2022 , 20:00:00,0,0
37,23/11/2022 , 20:10:00,0,0
38,23/11/2022 , 20:20:00,0,0
39,23/11/2022 , 20:30:00,0,0
40,23/11/2022 , 20:40:00,0,0
41,23/11/2022 , 20:50:00,0,0
42,23/11/2022 , 21:00:00,0,0
43,23/11/2022 , 21:10:00,0,0
44,23/11/2022 , 21:20:00,0,0
45,23/11/2022 , 21:30:00,0,0
46,23/11/2022 , 21:40:00,0,0
47,23/11/2022 , 21:50:00,0,0
48,23/11/2022 , 22:00:00,0,0
49,23/11/2022 , 22:10:00,0,0
50,23/11/2022 , 22:20:00,0,0
51,23/11/2022 , 22:30:00,0,0
52,23/11/2022 , 22:40:00,0,0
53,23/11/2022 , 22:50:00,0,0
54,23/11/2022 , 23:00:00,0,0
55,23/11/2022 , 23:10:00,0,0
56,23/11/2022 , 23:20:00,0,0
57,23/11/2022 , 23:30:00,0,0
58,23/11/2022 , 23:40:00,0,0
59,23/11/2022 , 23:50:00,0,0
60,23/11/2022 , 24:00:00,0,0
61,24/11/2022 , 00:10:00,0,0
62,24/11/2022 , 00:20:00,0,0
63,24/11/2022 , 00:30:00,0,0
64,24/11/2022 , 00:40:00,0,0
65,24/11/2022 , 00:50:00,0,0
66,24/11/2022 , 01:00:00,0,0
67,24/11/2022 , 01:10:00,0,0
68,24/11/2022 , 01:20:00,0,0
69,24/11/2022 , 01:30:00,0,0
70,24/11/2022 , 01:40:00,0,0
71,24/11/2022 , 01:50:00,0,0
72,24/11/2022 , 02:00:00,0,0
73,24/11/2022 , 02:10:00,0,0
74,24/11/2022 , 02:20:00,0,0
75,24/11/2022 , 02:30:00,0,0
76,24/11/2022 , 02:40:00,0,0
77,24/11/2022 , 02:50:00,0,0
78,24/11/2022 , 03:00:00,0,0
79,24/11/2022 , 03:10:00,0,0
80,24/11/2022 , 03:20:00,0,0
81,24/11/2022 , 03:30:00,0,0
82,24/11/2022 , 03:40:00,0,0
83,24/11/2022 , 03:50:00,0,0
84,24/11/2022 , 04:00:00,0,0
85,24/11/2022 , 04:10:00,0,0
86,24/11/2022 , 04:20:00,0,0
87,24/11/2022 , 04:30:00,0,0
88,24/11/2022 , 04:40:00,0,0
89,24/11/2022 , 04:50:00,0,0
90,24/11/2022 , 05:00:00,0,0
91,24/11/2022 , 05:10:00,0,0
92,24/11/2022 , 05:20:00,0,0
93,24/11/2022 , 05:30:00,0,0
94,24/11/2022 , 05:40:00,0,0
95,24/11/2022 , 05:50:00,0,0
96,24/11/2022 , 06:00:00,0,0
97,24/11/2022 , 06:10:00,0,0
98,24/11/2022 , 06:20:00,0,0
99,24/11/2022 , 06:30:00,0,0
100,24/11/2022 , 06:40:00,1,0.1
101,24/11/2022 , 06:50:00,28,1.8
102,24/11/2022 , 07:00:00,97,6.3
103,24/11/2022 , 07:10:00,170,11
104,24/11/2022 , 07:20:00,586,38
105,24/11/2022 , 07:30:00,475,30.8
106,24/11/2022 , 07:40:00,641,41.5
107,24/11/2022 , 07:50:00,1110,72
108,24/11/2022 , 08:00:00,1023,66.3
109,24/11/2022 , 08:10:00,1271,82.4
110,24/11/2022 , 08:20:00,1607,104.2
111,24/11/2022 , 08:30:00,3395,220.1
112,24/11/2022 , 08:40:00,4168,270.2
113,24/11/2022 , 08:50:00,3423,221.9
114,24/11/2022 , 09:00:00,2057,133.3
115,24/11/2022 , 09:10:00,3203,207.6
116,24/11/2022 , 09:20:00,3364,218.1
117,24/11/2022 , 09:30:00,6599,427.7
118,24/11/2022 , 09:40:00,5921,383.8
119,24/11/2022 , 09:50:00,4045,262.2
120,24/11/2022 , 10:00:00,3710,240.5
121,24/11/2022 , 10:10:00,2728,176.8
122,24/11/2022 , 10:20:00,3927,254.5
123,24/11/2022 , 10:30:00,5429,351.9
124,24/11/2022 , 10:40:00,4509,292.3
125,24/11/2022 , 10:50:00,5058,327.9
126,24/11/2022 , 11:00:00,4567,296
127,24/11/2022 , 11:10:00,5032,326.2
128,24/11/2022 , 11:20:00,6511,422
129,24/11/2022 , 11:30:00,5131,332.6
130,24/11/2022 , 11:40:00,6437,417.2
131,24/11/2022 , 11:50:00,5443,352.8
132,24/11/2022 , 12:00:00,4432,287.3
133,24/11/2022 , 12:10:00,4801,311.2
134,24/11/2022 , 12:20:00,4668,302.6
135,24/11/2022 , 12:30:00,3781,245.1
136,24/11/2022 , 12:40:00,4947,320.7
137,24/11/2022 , 12:50:00,5264,341.2
138,24/11/2022 , 13:00:00,4437,287.6
139,24/11/2022 , 13:10:00,4457,288.9
140,24/11/2022 , 13:20:00,3646,236.3
141,24/11/2022 , 13:30:00,3890,252.2
142,24/11/2022 , 13:40:00,3959,256.6
143,24/11/2022 , 13:50:00,4059,263.1
144,24/11/2022 , 14:00:00,4069,263.8
145,24/11/2022 , 14:10:00,4179,270.9
146,24/11/2022 , 14:20:00,4212,273
147,24/11/2022 , 14:30:00,4185,271.3
148,24/11/2022 , 14:40:00,4142,268.5
149,24/11/2022 , 14:50:00,4425,286.8
150,24/11/2022 , 15:00:00,4103,266
151,24/11/2022 , 15:10:00,3852,249.7
152,24/11/2022 , 15:20:00,3051,197.8
153,24/11/2022 , 15:30:00,2862,185.5
154,24/11/2022 , 15:40:00,2218,143.8
155,24/11/2022 , 15:50:00,2582,167.4
156,24/11/2022 , 16:00:00,2478,160.6
157,24/11/2022 , 16:10:00,2271,147.2
158,24/11/2022 , 16:20:00,1905,123.5
159,24/11/2022 , 16:30:00,1773,114.9
160,24/11/2022 , 16:40:00,1513,98.1
161,24/11/2022 , 16:50:00,1279,82.9
162,24/11/2022 , 17:00:00,764,49.5
163,24/11/2022 , 17:10:00,726,47.1
164,24/11/2022 , 17:20:00,520,33.7
165,24/11/2022 , 17:30:00,407,26.4
166,24/11/2022 , 17:40:00,260,16.9
167,24/11/2022 , 17:50:00,129,8.4
168,24/11/2022 , 18:00:00,30,1.9
169,24/11/2022 , 18:10:00,2,0.1
170,24/11/2022 , 18:20:00,0,0
171,24/11/2022 , 18:30:00,0,0
172,24/11/2022 , 18:40:00,0,0
173,24/11/2022 , 18:50:00,0,0
174,24/11/2022 , 19:00:00,0,0
175,24/11/2022 , 19:10:00,0,0
176,24/11/2022 , 19:20:00,0,0
177,24/11/2022 , 19:30:00,0,0
178,24/11/2022 , 19:40:00,0,0
179,24/11/2022 , 19:50:00,0,0
180,24/11/2022 , 20:00:00,0,0
181,24/11/2022 , 20:10:00,0,0
182,24/11/2022 , 20:20:00,0,0
183,24/11/2022 , 20:30:00,0,0
184,24/11/2022 , 20:40:00,0,0
185,24/11/2022 , 20:50:00,0,0
186,24/11/2022 , 21:00:00,0,0
187,24/11/2022 , 21:10:00,0,0
188,24/11/2022 , 21:20:00,0,0
189,24/11/2022 , 21:30:00,0,0
190,24/11/2022 , 21:40:00,0,0
191,24/11/2022 , 21:50:00,0,0
192,24/11/2022 , 22:00:00,0,0
193,24/11/2022 , 22:10:00,0,0
194,24/11/2022 , 22:20:00,0,0
195,24/11/2022 , 22:30:00,0,0
196,24/11/2022 , 22:40:00,0,0
197,24/11/2022 , 22:50:00,0,0
198,24/11/2022 , 23:00:00,0,0
199,24/11/2022 , 23:10:00,0,0
200,24/11/2022 , 23:20:00,0,0
201,24/11/2022 , 23:30:00,0,0
202,24/11/2022 , 23:40:00,0,0
203,24/11/2022 , 23:50:00,0,0
204,24/11/2022 , 24:00:00,0,0
205,25/11/2022 , 00:10:00,0,0
206,25/11/2022 , 00:20:00,0,0
207,25/11/2022 , 00:30:00,0,0
208,25/11/2022 , 00:40:00,0,0
209,25/11/2022 , 00:50:00,0,0
210,25/11/2022 , 01:00:00,0,0
211,25/11/2022 , 01:10:00,0,0
212,25/11/2022 , 01:20:00,0,0
213,25/11/2022 , 01:30:00,0,0
214,25/11/2022 , 01:40:00,0,0
215,25/11/2022 , 01:50:00,0,0
216,25/11/2022 , 02:00:00,0,0
217,25/11/2022 , 02:10:00,0,0
218,25/11/2022 , 02:20:00,0,0
219,25/11/2022 , 02:30:00,0,0
220,25/11/2022 , 02:40:00,0,0
221,25/11/2022 , 02:50:00,0,0
222,25/11/2022 , 03:00:00,0,0
223,25/11/2022 , 03:10:00,0,0
224,25/11/2022 , 03:20:00,0,0
225,25/11/2022 , 03:30:00,0,0
226,25/11/2022 , 03:40:00,0,0
227,25/11/2022 , 03:50:00,0,0
228,25/11/2022 , 04:00:00,0,0
229,25/11/2022 , 04:10:00,0,0
230,25/11/2022 , 04:20:00,0,0
231,25/11/2022 , 04:30:00,0,0
232,25/11/2022 , 04:40:00,0,0
233,25/11/2022 , 04:50:00,0,0
234,25/11/2022 , 05:00:00,0,0
235,25/11/2022 , 05:10:00,0,0
236,25/11/2022 , 05:20:00,0,0
237,25/11/2022 , 05:30:00,0,0
238,25/11/2022 , 05:40:00,0,0
239,25/11/2022 , 05:50:00,0,0
240,25/11/2022 , 06:00:00,0,0
241,25/11/2022 , 06:10:00,0,0
242,25/11/2022 , 06:20:00,0,0
243,25/11/2022 , 06:30:00,0,0
244,25/11/2022 , 06:40:00,2,0.1
245,25/11/2022 , 06:50:00,25,1.6
246,25/11/2022 , 07:00:00,110,7.1
247,25/11/2022 , 07:10:00,265,17.2
248,25/11/2022 , 07:20:00,394,25.5
249,25/11/2022 , 07:30:00,552,35.8
250,25/11/2022 , 07:40:00,767,49.7
251,25/11/2022 , 07:50:00,1084,70.3
252,25/11/2022 , 08:00:00,949,61.5
253,25/11/2022 , 08:10:00,2051,132.9
254,25/11/2022 , 08:20:00,2642,171.3
255,25/11/2022 , 08:30:00,3486,226
256,25/11/2022 , 08:40:00,1713,111
257,25/11/2022 , 08:50:00,3314,214.8
258,25/11/2022 , 09:00:00,2596,168.3
259,25/11/2022 , 09:10:00,5156,334.2
260,25/11/2022 , 09:20:00,4886,316.7
261,25/11/2022 , 09:30:00,6178,400.5
262,25/11/2022 , 09:40:00,6988,453
263,25/11/2022 , 09:50:00,6425,416.5
264,25/11/2022 , 10:00:00,9516,616.8
265,25/11/2022 , 10:10:00,8510,551.6
266,25/11/2022 , 10:20:00,3043,197.2
267,25/11/2022 , 10:30:00,9554,619.3
268,25/11/2022 , 10:40:00,8502,551.1
269,25/11/2022 , 10:50:00,7364,477.3
270,25/11/2022 , 11:00:00,4651,301.5
271,25/11/2022 , 11:10:00,7461,483.6
272,25/11/2022 , 11:20:00,7962,516.1
273,25/11/2022 , 11:30:00,10401,674.2
274,25/11/2022 , 11:40:00,11232,728.1
275,25/11/2022 , 11:50:00,11984,776.8
276,25/11/2022 , 12:00:00,5868,380.4
277,25/11/2022 , 12:10:00,11595,751.6
278,25/11/2022 , 12:20:00,11457,742.6
279,25/11/2022 , 12:30:00,11355,736
280,25/11/2022 , 12:40:00,11640,754.5
281,25/11/2022 , 12:50:00,12034,780
282,25/11/2022 , 13:00:00,8475,549.4
283,25/11/2022 , 13:10:00,7280,471.9
284,25/11/2022 , 13:20:00,11878,769.9
285,25/11/2022 , 13:30:00,11771,763
286,25/11/2022 , 13:40:00,7152,463.6
287,25/11/2022 , 13:50:00,6832,442.9
288,25/11/2022 , 14:00:00,7363,477.3
289,25/11/2022 , 14:10:00,10526,682.3
290,25/11/2022 , 14:20:00,10313,668.5
291,25/11/2022 , 14:30:00,10092,654.2
292,25/11/2022 , 14:40:00,9310,603.5
293,25/11/2022 , 14:50:00,8423,546
294,25/11/2022 , 15:00:00,5834,378.2
295,25/11/2022 , 15:10:00,4026,261
296,25/11/2022 , 15:20:00,2222,144
297,25/11/2022 , 15:30:00,5749,372.7
298,25/11/2022 , 15:40:00,5148,333.7
299,25/11/2022 , 15:50:00,5450,353.3
300,25/11/2022 , 16:00:00,4230,274.2
301,25/11/2022 , 16:10:00,3842,249
302,25/11/2022 , 16:20:00,2422,157
303,25/11/2022 , 16:30:00,2684,174
304,25/11/2022 , 16:40:00,2124,137.7
305,25/11/2022 , 16:50:00,818,53
306,25/11/2022 , 17:00:00,902,58.5
307,25/11/2022 , 17:10:00,991,64.2
308,25/11/2022 , 17:20:00,583,37.8
309,25/11/2022 , 17:30:00,362,23.5
310,25/11/2022 , 17:40:00,184,11.9
311,25/11/2022 , 17:50:00,51,3.3
312,25/11/2022 , 18:00:00,16,1
313,25/11/2022 , 18:10:00,0,0
314,25/11/2022 , 18:20:00,0,0
315,25/11/2022 , 18:30:00,0,0
316,25/11/2022 , 18:40:00,0,0
317,25/11/2022 , 18:50:00,0,0
318,25/11/2022 , 19:00:00,0,0
319,25/11/2022 , 19:10:00,0,0
320,25/11/2022 , 19:20:00,0,0
321,25/11/2022 , 19:30:00,0,0
322,25/11/2022 , 19:40:00,0,0
323,25/11/2022 , 19:50:00,0,0
324,25/11/2022 , 20:00:00,0,0
325,25/11/2022 , 20:10:00,0,0
326,25/11/2022 , 20:20:00,0,0
327,25/11/2022 , 20:30:00,0,0
328,25/11/2022 , 20:40:00,0,0
329,25/11/2022 , 20:50:00,0,0
330,25/11/2022 , 21:00:00,0,0
331,25/11/2022 , 21:10:00,0,0
332,25/11/2022 , 21:20:00,0,0
333,25/11/2022 , 21:30:00,0,0
334,25/11/2022 , 21:40:00,0,0
335,25/11/2022 , 21:50:00,0,0
336,25/11/2022 , 22:00:00,0,0
337,25/11/2022 , 22:10:00,0,0
338,25/11/2022 , 22:20:00,0,0
339,25/11/2022 , 22:30:00,0,0
340,25/11/2022 , 22:40:00,0,0
341,25/11/2022 , 22:50:00,0,0
342,25/11/2022 , 23:00:00,0,0
343,25/11/2022 , 23:10:00,0,0
344,25/11/2022 , 23:20:00,0,0
345,25/11/2022 , 23:30:00,0,0
346,25/11/2022 , 23:40:00,0,0
347,25/11/2022 , 23:50:00,0,0
348,25/11/2022 , 24:00:00,0,0
349,26/11/2022 , 00:10:00,0,0
350,26/11/2022 , 00:20:00,0,0
351,26/11/2022 , 00:30:00,0,0
352,26/11/2022 , 00:40:00,0,0
353,26/11/2022 , 00:50:00,0,0
354,26/11/2022 , 01:00:00,0,0
355,26/11/2022 , 01:10:00,0,0
356,26/11/2022 , 01:20:00,0,0
357,26/11/2022 , 01:30:00,0,0
358,26/11/2022 , 01:40:00,0,0
359,26/11/2022 , 01:50:00,0,0
360,26/11/2022 , 02:00:00,0,0
361,26/11/2022 , 02:10:00,0,0
362,26/11/2022 , 02:20:00,0,0
363,26/11/2022 , 02:30:00,0,0
364,26/11/2022 , 02:40:00,0,0
365,26/11/2022 , 02:50:00,0,0
366,26/11/2022 , 03:00:00,0,0
367,26/11/2022 , 03:10:00,0,0
368,26/11/2022 , 03:20:00,0,0
369,26/11/2022 , 03:30:00,0,0
370,26/11/2022 , 03:40:00,0,0
371,26/11/2022 , 03:50:00,0,0
372,26/11/2022 , 04:00:00,0,0
373,26/11/2022 , 04:10:00,0,0
374,26/11/2022 , 04:20:00,0,0
375,26/11/2022 , 04:30:00,0,0
376,26/11/2022 , 04:40:00,0,0
377,26/11/2022 , 04:50:00,0,0
378,26/11/2022 , 05:00:00,0,0
379,26/11/2022 , 05:10:00,0,0
380,26/11/2022 , 05:20:00,0,0
381,26/11/2022 , 05:30:00,0,0
382,26/11/2022 , 05:40:00,0,0
383,26/11/2022 , 05:50:00,0,0
384,26/11/2022 , 06:00:00,0,0
385,26/11/2022 , 06:10:00,0,0
386,26/11/2022 , 06:20:00,0,0
387,26/11/2022 , 06:30:00,0,0
388,26/11/2022 , 06:40:00,1,0.1
389,26/11/2022 , 06:50:00,19,1.2
390,26/11/2022 , 07:00:00,77,5
391,26/11/2022 , 07:10:00,190,12.3
392,26/11/2022 , 07:20:00,274,17.8
393,26/11/2022 , 07:30:00,404,26.2
394,26/11/2022 , 07:40:00,522,33.8
395,26/11/2022 , 07:50:00,469,30.4
396,26/11/2022 , 08:00:00,671,43.5
397,26/11/2022 , 08:10:00,873,56.6
398,26/11/2022 , 08:20:00,838,54.3
399,26/11/2022 , 08:30:00,844,54.7
400,26/11/2022 , 08:40:00,1881,121.9
401,26/11/2022 , 08:50:00,2421,156.9
402,26/11/2022 , 09:00:00,1956,126.8
403,26/11/2022 , 09:10:00,1527,99
404,26/11/2022 , 09:20:00,1720,111.5
405,26/11/2022 , 09:30:00,2065,133.9
406,26/11/2022 , 09:40:00,1836,119
407,26/11/2022 , 09:50:00,2192,142.1
408,26/11/2022 , 10:00:00,2191,142
409,26/11/2022 , 10:10:00,2100,136.1
410,26/11/2022 , 10:20:00,2219,143.8
411,26/11/2022 , 10:30:00,3000,194.5
412,26/11/2022 , 10:40:00,4675,303
413,26/11/2022 , 10:50:00,6533,423.5
414,26/11/2022 , 11:00:00,3737,242.2
415,26/11/2022 , 11:10:00,3357,217.6
416,26/11/2022 , 11:20:00,3531,228.9
417,26/11/2022 , 11:30:00,3397,220.2
418,26/11/2022 , 11:40:00,3390,219.7
419,26/11/2022 , 11:50:00,3863,250.4
420,26/11/2022 , 12:00:00,3271,212
421,26/11/2022 , 12:10:00,2949,191.2
422,26/11/2022 , 12:20:00,2836,183.8
423,26/11/2022 , 12:30:00,3011,195.2
424,26/11/2022 , 12:40:00,3075,199.3
425,26/11/2022 , 12:50:00,2531,164.1
426,26/11/2022 , 13:00:00,3075,199.3
427,26/11/2022 , 13:10:00,3131,203
428,26/11/2022 , 13:20:00,2756,178.6
429,26/11/2022 , 13:30:00,2586,167.6
430,26/11/2022 , 13:40:00,3432,222.5
431,26/11/2022 , 13:50:00,3648,236.5
432,26/11/2022 , 14:00:00,4162,269.8
433,26/11/2022 , 14:10:00,4092,265.2
434,26/11/2022 , 14:20:00,4050,262.5
435,26/11/2022 , 14:30:00,3928,254.6
436,26/11/2022 , 14:40:00,3065,198.7
437,26/11/2022 , 14:50:00,3235,209.7
438,26/11/2022 , 15:00:00,2577,167
439,26/11/2022 , 15:10:00,2500,162.1
440,26/11/2022 , 15:20:00,1908,123.7
441,26/11/2022 , 15:30:00,1854,120.2
442,26/11/2022 , 15:40:00,1785,115.7
443,26/11/2022 , 15:50:00,1582,102.5
444,26/11/2022 , 16:00:00,1911,123.9
445,26/11/2022 , 16:10:00,1717,111.3
446,26/11/2022 , 16:20:00,1314,85.2
447,26/11/2022 , 16:30:00,1185,76.8
448,26/11/2022 , 16:40:00,1144,74.2
449,26/11/2022 , 16:50:00,917,59.4
450,26/11/2022 , 17:00:00,610,39.5
451,26/11/2022 , 17:10:00,340,22
452,26/11/2022 , 17:20:00,280,18.1
453,26/11/2022 , 17:30:00,188,12.2
454,26/11/2022 , 17:40:00,86,5.6
455,26/11/2022 , 17:50:00,31,2
456,26/11/2022 , 18:00:00,6,0.4
457,26/11/2022 , 18:10:00,0,0
458,26/11/2022 , 18:20:00,0,0
459,26/11/2022 , 18:30:00,0,0
460,26/11/2022 , 18:40:00,0,0
461,26/11/2022 , 18:50:00,0,0
462,26/11/2022 , 19:00:00,0,0
463,26/11/2022 , 19:10:00,0,0
464,26/11/2022 , 19:20:00,0,0
465,26/11/2022 , 19:30:00,0,0
466,26/11/2022 , 19:40:00,0,0
467,26/11/2022 , 19:50:00,0,0
468,26/11/2022 , 20:00:00,0,0
469,26/11/2022 , 20:10:00,0,0
470,26/11/2022 , 20:20:00,0,0
471,26/11/2022 , 20:30:00,0,0
472,26/11/2022 , 20:40:00,0,0
473,26/11/2022 , 20:50:00,0,0
474,26/11/2022 , 21:00:00,0,0
475,26/11/2022 , 21:10:00,0,0
476,26/11/2022 , 21:20:00,0,0
477,26/11/2022 , 21:30:00,0,0
478,26/11/2022 , 21:40:00,0,0
479,26/11/2022 , 21:50:00,0,0
480,26/11/2022 , 22:00:00,0,0
481,26/11/2022 , 22:10:00,0,0
482,26/11/2022 , 22:20:00,0,0
483,26/11/2022 , 22:30:00,0,0
484,26/11/2022 , 22:40:00,0,0
485,26/11/2022 , 22:50:00,0,0
486,26/11/2022 , 23:00:00,0,0
487,26/11/2022 , 23:10:00,0,0
488,26/11/2022 , 23:20:00,0,0
489,26/11/2022 , 23:30:00,0,0
490,26/11/2022 , 23:40:00,0,0
491,26/11/2022 , 23:50:00,0,0
492,26/11/2022 , 24:00:00,0,0
493,27/11/2022 , 00:10:00,0,0
494,27/11/2022 , 00:20:00,0,0
495,27/11/2022 , 00:30:00,0,0
496,27/11/2022 , 00:40:00,0,0
497,27/11/2022 , 00:50:00,0,0
498,27/11/2022 , 01:00:00,0,0
499,27/11/2022 , 01:10:00,0,0
500,27/11/2022 , 01:20:00,0,0
501,27/11/2022 , 01:30:00,0,0
502,27/11/2022 , 01:40:00,0,0
503,27/11/2022 , 01:50:00,0,0
504,27/11/2022 , 02:00:00,0,0
505,27/11/2022 , 02:10:00,0,0
506,27/11/2022 , 02:20:00,0,0
507,27/11/2022 , 02:30:00,0,0
508,27/11/2022 , 02:40:00,0,0
509,27/11/2022 , 02:50:00,0,0
510,27/11/2022 , 03:00:00,0,0
511,27/11/2022 , 03:10:00,0,0
512,27/11/2022 , 03:20:00,0,0
513,27/11/2022 , 03:30:00,0,0
514,27/11/2022 , 03:40:00,0,0
515,27/11/2022 , 03:50:00,0,0
516,27/11/2022 , 04:00:00,0,0
517,27/11/2022 , 04:10:00,0,0
518,27/11/2022 , 04:20:00,0,0
519,27/11/2022 , 04:30:00,0,0
520,27/11/2022 , 04:40:00,0,0
521,27/11/2022 , 04:50:00,0,0
522,27/11/2022 , 05:00:00,0,0
523,27/11/2022 , 05:10:00,0,0
524,27/11/2022 , 05:20:00,0,0
525,27/11/2022 , 05:30:00,0,0
526,27/11/2022 , 05:40:00,0,0
527,27/11/2022 , 05:50:00,0,0
528,27/11/2022 , 06:00:00,0,0
529,27/11/2022 , 06:10:00,0,0
530,27/11/2022 , 06:20:00,0,0
531,27/11/2022 , 06:30:00,0,0
532,27/11/2022 , 06:40:00,0,0
533,27/11/2022 , 06:50:00,11,0.7
534,27/11/2022 , 07:00:00,53,3.4
535,27/11/2022 , 07:10:00,154,10
536,27/11/2022 , 07:20:00,251,16.3
537,27/11/2022 , 07:30:00,355,23
538,27/11/2022 , 07:40:00,485,31.4
539,27/11/2022 , 07:50:00,744,48.2
540,27/11/2022 , 08:00:00,721,46.7
541,27/11/2022 , 08:10:00,828,53.7
542,27/11/2022 , 08:20:00,1271,82.4
543,27/11/2022 , 08:30:00,2012,130.4
544,27/11/2022 , 08:40:00,2292,148.6
545,27/11/2022 , 08:50:00,1483,96.1
546,27/11/2022 , 09:00:00,2611,169.2
547,27/11/2022 , 09:10:00,3114,201.8
548,27/11/2022 , 09:20:00,3094,200.6
549,27/11/2022 , 09:30:00,2259,146.4
550,27/11/2022 , 09:40:00,2532,164.1
551,27/11/2022 , 09:50:00,3161,204.9
552,27/11/2022 , 10:00:00,3726,241.5
553,27/11/2022 , 10:10:00,2679,173.7
554,27/11/2022 , 10:20:00,1926,124.8
555,27/11/2022 , 10:30:00,2540,164.6
556,27/11/2022 , 10:40:00,1802,116.8
557,27/11/2022 , 10:50:00,2179,141.2
558,27/11/2022 , 11:00:00,2194,142.2
559,27/11/2022 , 11:10:00,3118,202.1
560,27/11/2022 , 11:20:00,5117,331.7
561,27/11/2022 , 11:30:00,4926,319.3
562,27/11/2022 , 11:40:00,7694,498.7
563,27/11/2022 , 11:50:00,4420,286.5
564,27/11/2022 , 12:00:00,8467,548.8
565,27/11/2022 , 12:10:00,3812,247.1
566,27/11/2022 , 12:20:00,8262,535.5
567,27/11/2022 , 12:30:00,8246,534.5
568,27/11/2022 , 12:40:00,8226,533.2
569,27/11/2022 , 12:50:00,8104,525.3
570,27/11/2022 , 13:00:00,8076,523.5
571,27/11/2022 , 13:10:00,7811,506.3
572,27/11/2022 , 13:20:00,7651,495.9
573,27/11/2022 , 13:30:00,8000,518.6
574,27/11/2022 , 13:40:00,7932,514.2
575,27/11/2022 , 13:50:00,7514,487.1
576,27/11/2022 , 14:00:00,7261,470.7
577,27/11/2022 , 14:10:00,7030,455.7
578,27/11/2022 , 14:20:00,6580,426.5
579,27/11/2022 , 14:30:00,6016,390
580,27/11/2022 , 14:40:00,5699,369.4
581,27/11/2022 , 14:50:00,5461,354
582,27/11/2022 , 15:00:00,5506,356.9
583,27/11/2022 , 15:10:00,4835,313.4
584,27/11/2022 , 15:20:00,4145,268.7
585,27/11/2022 , 15:30:00,3965,257
586,27/11/2022 , 15:40:00,4476,290.1
587,27/11/2022 , 15:50:00,2172,140.8
588,27/11/2022 , 16:00:00,1140,73.9
589,27/11/2022 , 16:10:00,1141,74
590,27/11/2022 , 16:20:00,1486,96.3
591,27/11/2022 , 16:30:00,1144,74.2
592,27/11/2022 , 16:40:00,945,61.3
593,27/11/2022 , 16:50:00,735,47.6
594,27/11/2022 , 17:00:00,610,39.5
595,27/11/2022 , 17:10:00,398,25.8
596,27/11/2022 , 17:20:00,248,16.1
597,27/11/2022 , 17:30:00,203,13.2
598,27/11/2022 , 17:40:00,97,6.3
599,27/11/2022 , 17:50:00,37,2.4
600,27/11/2022 , 18:00:00,5,0.3
601,27/11/2022 , 18:10:00,0,0
602,27/11/2022 , 18:20:00,0,0
603,27/11/2022 , 18:30:00,0,0
604,27/11/2022 , 18:40:00,0,0
605,27/11/2022 , 18:50:00,0,0
606,27/11/2022 , 19:00:00,0,0
607,27/11/2022 , 19:10:00,0,0
608,27/11/2022 , 19:20:00,0,0
609,27/11/2022 , 19:30:00,0,0
610,27/11/2022 , 19:40:00,0,0
611,27/11/2022 , 19:50:00,0,0
612,27/11/2022 , 20:00:00,0,0
613,27/11/2022 , 20:10:00,0,0
614,27/11/2022 , 20:20:00,0,0
615,27/11/2022 , 20:30:00,0,0
616,27/11/2022 , 20:40:00,0,0
617,27/11/2022 , 20:50:00,0,0
618,27/11/2022 , 21:00:00,0,0
619,27/11/2022 , 21:10:00,0,0
620,27/11/2022 , 21:20:00,0,0
621,27/11/2022 , 21:30:00,0,0
622,27/11/2022 , 21:40:00,0,0
623,27/11/2022 , 21:50:00,0,0
624,27/11/2022 , 22:00:00,0,0
625,27/11/2022 , 22:10:00,0,0
626,27/11/2022 , 22:20:00,0,0
627,27/11/2022 , 22:30:00,0,0
628,27/11/2022 , 22:40:00,0,0
629,27/11/2022 , 22:50:00,0,0
630,27/11/2022 , 23:00:00,0,0
631,27/11/2022 , 23:10:00,0,0
632,27/11/2022 , 23:20:00,0,0
633,27/11/2022 , 23:30:00,0,0
634,27/11/2022 , 23:40:00,0,0
635,27/11/2022 , 23:50:00,0,0
636,27/11/2022 , 24:00:00,0,0
637,28/11/2022 , 00:10:00,0,0
638,28/11/2022 , 00:20:00,0,0
639,28/11/2022 , 00:30:00,0,0
640,28/11/2022 , 00:40:00,0,0
641,28/11/2022 , 00:50:00,0,0
642,28/11/2022 , 01:00:00,0,0
643,28/11/2022 , 01:10:00,0,0
644,28/11/2022 , 01:20:00,0,0
645,28/11/2022 , 01:30:00,0,0
646,28/11/2022 , 01:40:00,0,0
647,28/11/2022 , 01:50:00,0,0
648,28/11/2022 , 02:00:00,0,0
649,28/11/2022 , 02:10:00,0,0
650,28/11/2022 , 02:20:00,0,0
651,28/11/2022 , 02:30:00,0,0
652,28/11/2022 , 02:40:00,0,0
653,28/11/2022 , 02:50:00,0,0
654,28/11/2022 , 03:00:00,0,0
655,28/11/2022 , 03:10:00,0,0
656,28/11/2022 , 03:20:00,0,0
657,28/11/2022 , 03:30:00,0,0
658,28/11/2022 , 03:40:00,0,0
659,28/11/2022 , 03:50:00,0,0
660,28/11/2022 , 04:00:00,0,0
661,28/11/2022 , 04:10:00,0,0
662,28/11/2022 , 04:20:00,0,0
663,28/11/2022 , 04:30:00,0,0
664,28/11/2022 , 04:40:00,0,0
665,28/11/2022 , 04:50:00,0,0
666,28/11/2022 , 05:00:00,0,0
667,28/11/2022 , 05:10:00,0,0
668,28/11/2022 , 05:20:00,0,0
669,28/11/2022 , 05:30:00,0,0
670,28/11/2022 , 05:40:00,0,0
671,28/11/2022 , 05:50:00,0,0
672,28/11/2022 , 06:00:00,0,0
673,28/11/2022 , 06:10:00,0,0
674,28/11/2022 , 06:20:00,0,0
675,28/11/2022 , 06:30:00,0,0
676,28/11/2022 , 06:40:00,0,0
677,28/11/2022 , 06:50:00,4,0.3
678,28/11/2022 , 07:00:00,41,2.7
679,28/11/2022 , 07:10:00,97,6.3
680,28/11/2022 , 07:20:00,129,8.4
681,28/11/2022 , 07:30:00,146,9.5
682,28/11/2022 , 07:40:00,324,21
683,28/11/2022 , 07:50:00,564,36.6
684,28/11/2022 , 08:00:00,678,43.9
685,28/11/2022 , 08:10:00,588,38.1
686,28/11/2022 , 08:20:00,487,31.6
687,28/11/2022 , 08:30:00,647,41.9
688,28/11/2022 , 08:40:00,680,44.1
689,28/11/2022 , 08:50:00,563,36.5
690,28/11/2022 , 09:00:00,790,51.2
691,28/11/2022 , 09:10:00,655,42.5
692,28/11/2022 , 09:20:00,868,56.3
693,28/11/2022 , 09:30:00,1028,66.6
694,28/11/2022 , 09:40:00,1190,77.1
695,28/11/2022 , 09:50:00,875,56.7
696,28/11/2022 , 10:00:00,1803,116.9
697,28/11/2022 , 10:10:00,952,61.7
698,28/11/2022 , 10:20:00,793,51.4
699,28/11/2022 , 10:30:00,1180,76.5
700,28/11/2022 , 10:40:00,1665,107.9
701,28/11/2022 , 10:50:00,1294,83.9
702,28/11/2022 , 11:00:00,1402,90.9
703,28/11/2022 , 11:10:00,1399,90.7
704,28/11/2022 , 11:20:00,914,59.2
705,28/11/2022 , 11:30:00,963,62.4
706,28/11/2022 , 11:40:00,1242,80.5
707,28/11/2022 , 11:50:00,1964,127.3
708,28/11/2022 , 12:00:00,2852,184.9
709,28/11/2022 , 12:10:00,4315,279.7
710,28/11/2022 , 12:20:00,3369,218.4
711,28/11/2022 , 12:30:00,3521,228.2
712,28/11/2022 , 12:40:00,3036,196.8
713,28/11/2022 , 12:50:00,3396,220.1
714,28/11/2022 , 13:00:00,4709,305.2
715,28/11/2022 , 13:10:00,5172,335.2
716,28/11/2022 , 13:20:00,4725,306.3
717,28/11/2022 , 13:30:00,4508,292.2
718,28/11/2022 , 13:40:00,4403,285.4
719,28/11/2022 , 13:50:00,4895,317.3
720,28/11/2022 , 14:00:00,4728,306.5
721,28/11/2022 , 14:10:00,4553,295.1
722,28/11/2022 , 14:20:00,4338,281.2
723,28/11/2022 , 14:30:00,4230,274.2
724,28/11/2022 , 14:40:00,4080,264.5
725,28/11/2022 , 14:50:00,3892,252.3
726,28/11/2022 , 15:00:00,4344,281.6
727,28/11/2022 , 15:10:00,4396,284.9
728,28/11/2022 , 15:20:00,4170,270.3
729,28/11/2022 , 15:30:00,3980,258
730,28/11/2022 , 15:40:00,3815,247.3
731,28/11/2022 , 15:50:00,3490,226.2
732,28/11/2022 , 16:00:00,3103,201.1
733,28/11/2022 , 16:10:00,2639,171.1
734,28/11/2022 , 16:20:00,2378,154.1
735,28/11/2022 , 16:30:00,2098,136
736,28/11/2022 , 16:40:00,1798,116.5
737,28/11/2022 , 16:50:00,1516,98.3
738,28/11/2022 , 17:00:00,1262,81.8
739,28/11/2022 , 17:10:00,1019,66.1
740,28/11/2022 , 17:20:00,771,50
741,28/11/2022 , 17:30:00,466,30.2
742,28/11/2022 , 17:40:00,215,13.9
743,28/11/2022 , 17:50:00,71,4.6
744,28/11/2022 , 18:00:00,17,1.1
745,28/11/2022 , 18:10:00,1,0.1
746,28/11/2022 , 18:20:00,0,0
747,28/11/2022 , 18:30:00,0,0
748,28/11/2022 , 18:40:00,0,0
749,28/11/2022 , 18:50:00,0,0
750,28/11/2022 , 19:00:00,0,0
751,28/11/2022 , 19:10:00,0,0
752,28/11/2022 , 19:20:00,0,0
753,28/11/2022 , 19:30:00,0,0
754,28/11/2022 , 19:40:00,0,0
755,28/11/2022 , 19:50:00,0,0
756,28/11/2022 , 20:00:00,0,0
757,28/11/2022 , 20:10:00,0,0
758,28/11/2022 , 20:20:00,0,0
759,28/11/2022 , 20:30:00,0,0
760,28/11/2022 , 20:40:00,0,0
761,28/11/2022 , 20:50:00,0,0
762,28/11/2022 , 21:00:00,0,0
763,28/11/2022 , 21:10:00,0,0
764,28/11/2022 , 21:20:00,0,0
765,28/11/2022 , 21:30:00,0,0
766,28/11/2022 , 21:40:00,0,0
767,28/11/2022 , 21:50:00,0,0
768,28/11/2022 , 22:00:00,0,0
769,28/11/2022 , 22:10:00,0,0
770,28/11/2022 , 22:20:00,0,0
771,28/11/2022 , 22:30:00,0,0
772,28/11/2022 , 22:40:00,0,0
773,28/11/2022 , 22:50:00,0,0
774,28/11/2022 , 23:00:00,0,0
775,28/11/2022 , 23:10:00,0,0
776,28/11/2022 , 23:20:00,0,0
777,28/11/2022 , 23:30:00,0,0
778,28/11/2022 , 23:40:00,0,0
779,28/11/2022 , 23:50:00,0,0
780,28/11/2022 , 24:00:00,0,0
781,29/11/2022 , 00:10:00,0,0
782,29/11/2022 , 00:20:00,0,0
783,29/11/2022 , 00:30:00,0,0
784,29/11/2022 , 00:40:00,0,0
785,29/11/2022 , 00:50:00,0,0
786,29/11/2022 , 01:00:00,0,0
787,29/11/2022 , 01:10:00,0,0
788,29/11/2022 , 01:20:00,0,0
789,29/11/2022 , 01:30:00,0,0
790,29/11/2022 , 01:40:00,0,0
791,29/11/2022 , 01:50:00,0,0
792,29/11/2022 , 02:00:00,0,0
793,29/11/2022 , 02:10:00,0,0
794,29/11/2022 , 02:20:00,0,0
795,29/11/2022 , 02:30:00,0,0
796,29/11/2022 , 02:40:00,0,0
797,29/11/2022 , 02:50:00,0,0
798,29/11/2022 , 03:00:00,0,0
799,29/11/2022 , 03:10:00,0,0
800,29/11/2022 , 03:20:00,0,0
801,29/11/2022 , 03:30:00,0,0
802,29/11/2022 , 03:40:00,0,0
803,29/11/2022 , 03:50:00,0,0
804,29/11/2022 , 04:00:00,0,0
805,29/11/2022 , 04:10:00,0,0
806,29/11/2022 , 04:20:00,0,0
807,29/11/2022 , 04:30:00,0,0
808,29/11/2022 , 04:40:00,0,0
809,29/11/2022 , 04:50:00,0,0
810,29/11/2022 , 05:00:00,0,0
811,29/11/2022 , 05:10:00,0,0
812,29/11/2022 , 05:20:00,0,0
813,29/11/2022 , 05:30:00,0,0
814,29/11/2022 , 05:40:00,0,0
815,29/11/2022 , 05:50:00,0,0
816,29/11/2022 , 06:00:00,0,0
817,29/11/2022 , 06:10:00,0,0
818,29/11/2022 , 06:20:00,0,0
819,29/11/2022 , 06:30:00,0,0
820,29/11/2022 , 06:40:00,0,0
821,29/11/2022 , 06:50:00,20,1.3
822,29/11/2022 , 07:00:00,97,6.3
823,29/11/2022 , 07:10:00,221,14.3
824,29/11/2022 , 07:20:00,332,21.5
825,29/11/2022 , 07:30:00,421,27.3
826,29/11/2022 , 07:40:00,527,34.2
827,29/11/2022 , 07:50:00,948,61.4
828,29/11/2022 , 08:00:00,1263,81.9
829,29/11/2022 , 08:10:00,1579,102.4
830,29/11/2022 , 08:20:00,1555,100.8
831,29/11/2022 , 08:30:00,4505,292
832,29/11/2022 , 08:40:00,4448,288.3
833,29/11/2022 , 08:50:00,3828,248.1
834,29/11/2022 , 09:00:00,5579,361.6
835,29/11/2022 , 09:10:00,6114,396.3
836,29/11/2022 , 09:20:00,6670,432.4
837,29/11/2022 , 09:30:00,7249,469.9
838,29/11/2022 , 09:40:00,7771,503.7
839,29/11/2022 , 09:50:00,8237,533.9
840,29/11/2022 , 10:00:00,8674,562.2
841,29/11/2022 , 10:10:00,9171,594.5
842,29/11/2022 , 10:20:00,9748,631.9
843,29/11/2022 , 10:30:00,10006,648.6
844,29/11/2022 , 10:40:00,10418,675.3
845,29/11/2022 , 10:50:00,10739,696.1
846,29/11/2022 , 11:00:00,11275,730.8
847,29/11/2022 , 11:10:00,11316,733.5
848,29/11/2022 , 11:20:00,11682,757.2
849,29/11/2022 , 11:30:00,10191,660.6
850,29/11/2022 , 11:40:00,10451,677.4
851,29/11/2022 , 11:50:00,10517,681.7
852,29/11/2022 , 12:00:00,8720,565.2
853,29/11/2022 , 12:10:00,8889,576.2
854,29/11/2022 , 12:20:00,9370,607.4
855,29/11/2022 , 12:30:00,8985,582.4
856,29/11/2022 , 12:40:00,9064,587.5
857,29/11/2022 , 12:50:00,7512,486.9
858,29/11/2022 , 13:00:00,6924,448.8
859,29/11/2022 , 13:10:00,6794,440.4
860,29/11/2022 , 13:20:00,6963,451.3
861,29/11/2022 , 13:30:00,7466,483.9
862,29/11/2022 , 13:40:00,7597,492.4
863,29/11/2022 , 13:50:00,7423,481.2
864,29/11/2022 , 14:00:00,8670,562
865,29/11/2022 , 14:10:00,7747,502.2
866,29/11/2022 , 14:20:00,7939,514.6
867,29/11/2022 , 14:30:00,4977,322.6
868,29/11/2022 , 14:40:00,8946,579.9
869,29/11/2022 , 14:50:00,9922,643.1
870,29/11/2022 , 15:00:00,7917,513.2
871,29/11/2022 , 15:10:00,4688,303.9
872,29/11/2022 , 15:20:00,3206,207.8
873,29/11/2022 , 15:30:00,3034,196.7
874,29/11/2022 , 15:40:00,3216,208.5
875,29/11/2022 , 15:50:00,2647,171.6
876,29/11/2022 , 16:00:00,2656,172.2
877,29/11/2022 , 16:10:00,2737,177.4
878,29/11/2022 , 16:20:00,2468,160
879,29/11/2022 , 16:30:00,1854,120.2
880,29/11/2022 , 16:40:00,1760,114.1
881,29/11/2022 , 16:50:00,1628,105.5
882,29/11/2022 , 17:00:00,1386,89.8
883,29/11/2022 , 17:10:00,1141,74
884,29/11/2022 , 17:20:00,895,58
885,29/11/2022 , 17:30:00,579,37.5
886,29/11/2022 , 17:40:00,257,16.7
887,29/11/2022 , 17:50:00,84,5.4
888,29/11/2022 , 18:00:00,16,1
889,29/11/2022 , 18:10:00,1,0.1
890,29/11/2022 , 18:20:00,0,0
891,29/11/2022 , 18:30:00,0,0
892,29/11/2022 , 18:40:00,0,0
893,29/11/2022 , 18:50:00,0,0
894,29/11/2022 , 19:00:00,0,0
895,29/11/2022 , 19:10:00,0,0
896,29/11/2022 , 19:20:00,0,0
897,29/11/2022 , 19:30:00,0,0
898,29/11/2022 , 19:40:00,0,0
899,29/11/2022 , 19:50:00,0,0
900,29/11/2022 , 20:00:00,0,0
901,29/11/2022 , 20:10:00,0,0
902,29/11/2022 , 20:20:00,0,0
903,29/11/2022 , 20:30:00,0,0
904,29/11/2022 , 20:40:00,0,0
905,29/11/2022 , 20:50:00,0,0
906,29/11/2022 , 21:00:00,0,0
907,29/11/2022 , 21:10:00,0,0
908,29/11/2022 , 21:20:00,0,0
909,29/11/2022 , 21:30:00,0,0
910,29/11/2022 , 21:40:00,0,0
911,29/11/2022 , 21:50:00,0,0
912,29/11/2022 , 22:00:00,0,0
913,29/11/2022 , 22:10:00,0,0
914,29/11/2022 , 22:20:00,0,0
915,29/11/2022 , 22:30:00,0,0
916,29/11/2022 , 22:40:00,0,0
917,29/11/2022 , 22:50:00,0,0
918,29/11/2022 , 23:00:00,0,0
919,29/11/2022 , 23:10:00,0,0
920,29/11/2022 , 23:20:00,0,0
921,29/11/2022 , 23:30:00,0,0
922,29/11/2022 , 23:40:00,0,0
923,29/11/2022 , 23:50:00,0,0
924,29/11/2022 , 24:00:00,0,0
925,30/11/2022 , 00:10:00,0,0
926,30/11/2022 , 00:20:00,0,0
927,30/11/2022 , 00:30:00,0,0
928,30/11/2022 , 00:40:00,0,0
929,30/11/2022 , 00:50:00,0,0
930,30/11/2022 , 01:00:00,0,0
931,30/11/2022 , 01:10:00,0,0
932,30/11/2022 , 01:20:00,0,0
933,30/11/2022 , 01:30:00,0,0
934,30/11/2022 , 01:40:00,0,0
935,30/11/2022 , 01:50:00,0,0
936,30/11/2022 , 02:00:00,0,0
937,30/11/2022 , 02:10:00,0,0
938,30/11/2022 , 02:20:00,0,0
939,30/11/2022 , 02:30:00,0,0
940,30/11/2022 , 02:40:00,0,0
941,30/11/2022 , 02:50:00,0,0
942,30/11/2022 , 03:00:00,0,0
943,30/11/2022 , 03:10:00,0,0
944,30/11/2022 , 03:20:00,0,0
945,30/11/2022 , 03:30:00,0,0
946,30/11/2022 , 03:40:00,0,0
947,30/11/2022 , 03:50:00,0,0
948,30/11/2022 , 04:00:00,0,0
949,30/11/2022 , 04:10:00,0,0
950,30/11/2022 , 04:20:00,0,0
951,30/11/2022 , 04:30:00,0,0
952,30/11/2022 , 04:40:00,0,0
953,30/11/2022 , 04:50:00,0,0
954,30/11/2022 , 05:00:00,0,0
955,30/11/2022 , 05:10:00,0,0
956,30/11/2022 , 05:20:00,0,0
957,30/11/2022 , 05:30:00,0,0
958,30/11/2022 , 05:40:00,0,0
959,30/11/2022 , 05:50:00,0,0
960,30/11/2022 , 06:00:00,0,0
961,30/11/2022 , 06:10:00,0,0
962,30/11/2022 , 06:20:00,0,0
963,30/11/2022 , 06:30:00,0,0
964,30/11/2022 , 06:40:00,0,0
965,30/11/2022 , 06:50:00,20,1.3
966,30/11/2022 , 07:00:00,96,6.2
967,30/11/2022 , 07:10:00,306,19.8
968,30/11/2022 , 07:20:00,538,34.9
969,30/11/2022 , 07:30:00,681,44.1
970,30/11/2022 , 07:40:00,1329,86.1
971,30/11/2022 , 07:50:00,2132,138.2
972,30/11/2022 , 08:00:00,1548,100.3
973,30/11/2022 , 08:10:00,1247,80.8
974,30/11/2022 , 08:20:00,2963,192.1
975,30/11/2022 , 08:30:00,2630,170.5
976,30/11/2022 , 08:40:00,2374,153.9
977,30/11/2022 , 08:50:00,1563,101.3
978,30/11/2022 , 09:00:00,1729,112.1
979,30/11/2022 , 09:10:00,4482,290.5
980,30/11/2022 , 09:20:00,4934,319.8
981,30/11/2022 , 09:30:00,7041,456.4
982,30/11/2022 , 09:40:00,7561,490.1
983,30/11/2022 , 09:50:00,9870,639.8
984,30/11/2022 , 10:00:00,8318,539.2
985,30/11/2022 , 10:10:00,8982,582.2
986,30/11/2022 , 10:20:00,9784,634.2
987,30/11/2022 , 10:30:00,10004,648.5
988,30/11/2022 , 10:40:00,11005,713.3
989,30/11/2022 , 10:50:00,7403,479.9
990,30/11/2022 , 11:00:00,11407,739.4
991,30/11/2022 , 11:10:00,12020,779.1
992,30/11/2022 , 11:20:00,12261,794.8
993,30/11/2022 , 11:30:00,12274,795.6
994,30/11/2022 , 11:40:00,11603,752.1
995,30/11/2022 , 11:50:00,13449,871.8
996,30/11/2022 , 12:00:00,13582,880.4
997,30/11/2022 , 12:10:00,13354,865.6
998,30/11/2022 , 12:20:00,13293,861.7
999,30/11/2022 , 12:30:00,13012,843.4
1000,30/11/2022 , 12:40:00,13281,860.9
1001,30/11/2022 , 12:50:00,12306,797.7
1002,30/11/2022 , 13:00:00,14207,920.9
1003,30/11/2022 , 13:10:00,13272,860.3
1004,30/11/2022 , 13:20:00,13687,887.2
1005,30/11/2022 , 13:30:00,13214,856.5
1006,30/11/2022 , 13:40:00,12988,841.9
1007,30/11/2022 , 13:50:00,12826,831.4
1008,30/11/2022 , 14:00:00,13453,872
1009,30/11/2022 , 14:10:00,13430,870.5
1010,30/11/2022 , 14:20:00,3879,251.4
1011,30/11/2022 , 14:30:00,11055,716.6
1012,30/11/2022 , 14:40:00,11020,714.3
1013,30/11/2022 , 14:50:00,10554,684.1
1014,30/11/2022 , 15:00:00,10032,650.3
1015,30/11/2022 , 15:10:00,8819,571.6
1016,30/11/2022 , 15:20:00,9009,584
1017,30/11/2022 , 15:30:00,7889,511.4
1018,30/11/2022 , 15:40:00,7346,476.2
1019,30/11/2022 , 15:50:00,5878,381
1020,30/11/2022 , 16:00:00,5601,363.1
1021,30/11/2022 , 16:10:00,4963,321.7
1022,30/11/2022 , 16:20:00,5106,331
1023,30/11/2022 , 16:30:00,2153,139.6
1024,30/11/2022 , 16:40:00,1172,76
1025,30/11/2022 , 16:50:00,700,45.4
1026,30/11/2022 , 17:00:00,478,31
1027,30/11/2022 , 17:10:00,314,20.4
1028,30/11/2022 , 17:20:00,266,17.2
1029,30/11/2022 , 17:30:00,232,15
1030,30/11/2022 , 17:40:00,149,9.7
1031,30/11/2022 , 17:50:00,74,4.8
1032,30/11/2022 , 18:00:00,19,1.2
1033,30/11/2022 , 18:10:00,0,0
1034,30/11/2022 , 18:20:00,0,0
1035,30/11/2022 , 18:30:00,0,0
1036,30/11/2022 , 18:40:00,0,0
1037,30/11/2022 , 18:50:00,0,0
1038,30/11/2022 , 19:00:00,0,0
1039,30/11/2022 , 19:10:00,0,0
1040,30/11/2022 , 19:20:00,0,0
1041,30/11/2022 , 19:30:00,0,0
1042,30/11/2022 , 19:40:00,0,0
1043,30/11/2022 , 19:50:00,0,0
1044,30/11/2022 , 20:00:00,0,0
1045,30/11/2022 , 20:10:00,0,0
1046,30/11/2022 , 20:20:00,0,0
1047,30/11/2022 , 20:30:00,0,0
1048,30/11/2022 , 20:40:00,0,0
1049,30/11/2022 , 20:50:00,0,0
1050,30/11/2022 , 21:00:00,0,0
1051,30/11/2022 , 21:10:00,0,0
1052,30/11/2022 , 21:20:00,0,0
1053,30/11/2022 , 21:30:00,0,0
1054,30/11/2022 , 21:40:00,0,0
1055,30/11/2022 , 21:50:00,0,0
1056,30/11/2022 , 22:00:00,0,0
1057,30/11/2022 , 22:10:00,0,0
1058,30/11/2022 , 22:20:00,0,0
1059,30/11/2022 , 22:30:00,0,0
1060,30/11/2022 , 22:40:00,0,0
1061,30/11/2022 , 22:50:00,0,0
1062,30/11/2022 , 23:00:00,0,0
1063,30/11/2022 , 23:10:00,0,0
1064,30/11/2022 , 23:20:00,0,0
1065,30/11/2022 , 23:30:00,0,0
1066,30/11/2022 , 23:40:00,0,0
1067,30/11/2022 , 23:50:00,0,0
1068,30/11/2022 , 24:00:00,0,0
1069,1/12/22, 00:10:00,0,0
1070,1/12/22, 00:20:00,0,0
1071,1/12/22, 00:30:00,0,0
1072,1/12/22, 00:40:00,0,0
1073,1/12/22, 00:50:00,0,0
1074,1/12/22, 01:00:00,0,0
1075,1/12/22, 01:10:00,0,0
1076,1/12/22, 01:20:00,0,0
1077,1/12/22, 01:30:00,0,0
1078,1/12/22, 01:40:00,0,0
1079,1/12/22, 01:50:00,0,0
1080,1/12/22, 02:00:00,0,0
1081,1/12/22, 02:10:00,0,0
1082,1/12/22, 02:20:00,0,0
1083,1/12/22, 02:30:00,0,0
1084,1/12/22, 02:40:00,0,0
1085,1/12/22, 02:50:00,0,0
1086,1/12/22, 03:00:00,0,0
1087,1/12/22, 03:10:00,0,0
1088,1/12/22, 03:20:00,0,0
1089,1/12/22, 03:30:00,0,0
1090,1/12/22, 03:40:00,0,0
1091,1/12/22, 03:50:00,0,0
1092,1/12/22, 04:00:00,0,0
1093,1/12/22, 04:10:00,0,0
1094,1/12/22, 04:20:00,0,0
1095,1/12/22, 04:30:00,0,0
1096,1/12/22, 04:40:00,0,0
1097,1/12/22, 04:50:00,0,0
1098,1/12/22, 05:00:00,0,0
1099,1/12/22, 05:10:00,0,0
1100,1/12/22, 05:20:00,0,0
1101,1/12/22, 05:30:00,0,0
1102,1/12/22, 05:40:00,0,0
1103,1/12/22, 05:50:00,0,0
1104,1/12/22, 06:00:00,0,0
1105,1/12/22, 06:10:00,0,0
1106,1/12/22, 06:20:00,0,0
1107,1/12/22, 06:30:00,0,0
1108,1/12/22, 06:40:00,0,0
1109,1/12/22, 06:50:00,22,1.4
1110,1/12/22, 07:00:00,76,4.9
1111,1/12/22, 07:10:00,183,11.9
1112,1/12/22, 07:20:00,376,24.4
1113,1/12/22, 07:30:00,512,33.2
1114,1/12/22, 07:40:00,532,34.5
1115,1/12/22, 07:50:00,823,53.3
1116,1/12/22, 08:00:00,1063,68.9
1117,1/12/22, 08:10:00,1520,98.5
1118,1/12/22, 08:20:00,2139,138.7
1119,1/12/22, 08:30:00,2311,149.8
1120,1/12/22, 08:40:00,4556,295.3
1121,1/12/22, 08:50:00,3095,200.6
1122,1/12/22, 09:00:00,3270,212
1123,1/12/22, 09:10:00,2354,152.6
1124,1/12/22, 09:20:00,3181,206.2
1125,1/12/22, 09:30:00,3039,197
1126,1/12/22, 09:40:00,3213,208.3
1127,1/12/22, 09:50:00,7930,514
1128,1/12/22, 10:00:00,5513,357.4
1129,1/12/22, 10:10:00,8262,535.5
1130,1/12/22, 10:20:00,8969,581.4
1131,1/12/22, 10:30:00,8920,578.2
1132,1/12/22, 10:40:00,4354,282.2
1133,1/12/22, 10:50:00,3099,200.9
1134,1/12/22, 11:00:00,7355,476.8
1135,1/12/22, 11:10:00,5327,345.3
1136,1/12/22, 11:20:00,6281,407.1
1137,1/12/22, 11:30:00,2447,158.6
1138,1/12/22, 11:40:00,2148,139.2
1139,1/12/22, 11:50:00,1997,129.4
1140,1/12/22, 12:00:00,8709,564.5
1141,1/12/22, 12:10:00,5176,335.5
1142,1/12/22, 12:20:00,3567,231.2
1143,1/12/22, 12:30:00,9816,636.3
1144,1/12/22, 12:40:00,8959,580.7
1145,1/12/22, 12:50:00,4084,264.7
1146,1/12/22, 13:00:00,4957,321.3
1147,1/12/22, 13:10:00,5340,346.1
1148,1/12/22, 13:20:00,4427,287
1149,1/12/22, 13:30:00,11090,718.9
1150,1/12/22, 13:40:00,9422,610.7
1151,1/12/22, 13:50:00,8311,538.7
1152,1/12/22, 14:00:00,13820,895.8
1153,1/12/22, 14:10:00,14285,926
1154,1/12/22, 14:20:00,13086,848.2
1155,1/12/22, 14:30:00,7978,517.1
1156,1/12/22, 14:40:00,7643,495.4
1157,1/12/22, 14:50:00,10518,681.8
1158,1/12/22, 15:00:00,8806,570.8
1159,1/12/22, 15:10:00,4640,300.8
1160,1/12/22, 15:20:00,3754,243.3
1161,1/12/22, 15:30:00,4086,264.9
1162,1/12/22, 15:40:00,7833,507.7
1163,1/12/22, 15:50:00,3345,216.8
1164,1/12/22, 16:00:00,3923,254.3
1165,1/12/22, 16:10:00,3035,196.7
1166,1/12/22, 16:20:00,2445,158.5
1167,1/12/22, 16:30:00,1971,127.8
1168,1/12/22, 16:40:00,1925,124.8
1169,1/12/22, 16:50:00,1168,75.7
1170,1/12/22, 17:00:00,790,51.2
1171,1/12/22, 17:10:00,649,42.1
1172,1/12/22, 17:20:00,464,30.1
1173,1/12/22, 17:30:00,373,24.2
1174,1/12/22, 17:40:00,265,17.2
1175,1/12/22, 17:50:00,126,8.2
1176,1/12/22, 18:00:00,29,1.9
1177,1/12/22, 18:10:00,1,0.1
1178,1/12/22, 18:20:00,0,0
1179,1/12/22, 18:30:00,0,0
1180,1/12/22, 18:40:00,0,0
1181,1/12/22, 18:50:00,0,0
1182,1/12/22, 19:00:00,0,0
1183,1/12/22, 19:10:00,0,0
1184,1/12/22, 19:20:00,0,0
1185,1/12/22, 19:30:00,0,0
1186,1/12/22, 19:40:00,0,0
1187,1/12/22, 19:50:00,0,0
1188,1/12/22, 20:00:00,0,0
1189,1/12/22, 20:10:00,0,0
1190,1/12/22, 20:20:00,0,0
1191,1/12/22, 20:30:00,0,0
1192,1/12/22, 20:40:00,0,0
1193,1/12/22, 20:50:00,0,0
1194,1/12/22, 21:00:00,0,0
1195,1/12/22, 21:10:00,0,0
1196,1/12/22, 21:20:00,0,0
1197,1/12/22, 21:30:00,0,0
1198,1/12/22, 21:40:00,0,0
1199,1/12/22, 21:50:00,0,0
1200,1/12/22, 22:00:00,0,0
1201,1/12/22, 22:10:00,0,0
1202,1/12/22, 22:20:00,0,0
1203,1/12/22, 22:30:00,0,0
1204,1/12/22, 22:40:00,0,0
1205,1/12/22, 22:50:00,0,0
1206,1/12/22, 23:00:00,0,0
1207,1/12/22, 23:10:00,0,0
1208,1/12/22, 23:20:00,0,0
1209,1/12/22, 23:30:00,0,0
1210,1/12/22, 23:40:00,0,0
1211,1/12/22, 23:50:00,0,0
1212,1/12/22, 24:00:00,0,0
1213,2/12/22, 00:10:00,0,0
1214,2/12/22, 00:20:00,0,0
1215,2/12/22, 00:30:00,0,0
1216,2/12/22, 00:40:00,0,0
1217,2/12/22, 00:50:00,0,0
1218,2/12/22, 01:00:00,0,0
1219,2/12/22, 01:10:00,0,0
1220,2/12/22, 01:20:00,0,0
1221,2/12/22, 01:30:00,0,0
1222,2/12/22, 01:40:00,0,0
1223,2/12/22, 01:50:00,0,0
1224,2/12/22, 02:00:00,0,0
1225,2/12/22, 02:10:00,0,0
1226,2/12/22, 02:20:00,0,0
1227,2/12/22, 02:30:00,0,0
1228,2/12/22, 02:40:00,0,0
1229,2/12/22, 02:50:00,0,0
1230,2/12/22, 03:00:00,0,0
1231,2/12/22, 03:10:00,0,0
1232,2/12/22, 03:20:00,0,0
1233,2/12/22, 03:30:00,0,0
1234,2/12/22, 03:40:00,0,0
1235,2/12/22, 03:50:00,0,0
1236,2/12/22, 04:00:00,0,0
1237,2/12/22, 04:10:00,0,0
1238,2/12/22, 04:20:00,0,0
1239,2/12/22, 04:30:00,0,0
1240,2/12/22, 04:40:00,0,0
1241,2/12/22, 04:50:00,0,0
1242,2/12/22, 05:00:00,0,0
1243,2/12/22, 05:10:00,0,0
1244,2/12/22, 05:20:00,0,0
1245,2/12/22, 05:30:00,0,0
1246,2/12/22, 05:40:00,0,0
1247,2/12/22, 05:50:00,0,0
1248,2/12/22, 06:00:00,0,0
1249,2/12/22, 06:10:00,0,0
1250,2/12/22, 06:20:00,0,0
1251,2/12/22, 06:30:00,0,0
1252,2/12/22, 06:40:00,0,0
1253,2/12/22, 06:50:00,10,0.6
1254,2/12/22, 07:00:00,73,4.7
1255,2/12/22, 07:10:00,170,11
1256,2/12/22, 07:20:00,263,17
1257,2/12/22, 07:30:00,436,28.3
1258,2/12/22, 07:40:00,1006,65.2
1259,2/12/22, 07:50:00,1243,80.6
1260,2/12/22, 08:00:00,1031,66.8
1261,2/12/22, 08:10:00,1604,104
1262,2/12/22, 08:20:00,2454,159.1
1263,2/12/22, 08:30:00,2286,148.2
1264,2/12/22, 08:40:00,2803,181.7
1265,2/12/22, 08:50:00,3841,249
1266,2/12/22, 09:00:00,3007,194.9
1267,2/12/22, 09:10:00,2571,166.7
1268,2/12/22, 09:20:00,3300,213.9
1269,2/12/22, 09:30:00,3124,202.5
1270,2/12/22, 09:40:00,2470,160.1
1271,2/12/22, 09:50:00,6250,405.1
1272,2/12/22, 10:00:00,6100,395.4
1273,2/12/22, 10:10:00,5050,327.3
1274,2/12/22, 10:20:00,5527,358.3
1275,2/12/22, 10:30:00,8068,523
1276,2/12/22, 10:40:00,7088,459.4
1277,2/12/22, 10:50:00,8346,541
1278,2/12/22, 11:00:00,10597,686.9
1279,2/12/22, 11:10:00,8753,567.4
1280,2/12/22, 11:20:00,10892,706
1281,2/12/22, 11:30:00,6770,438.8
1282,2/12/22, 11:40:00,7938,514.5
1283,2/12/22, 11:50:00,10083,653.6
1284,2/12/22, 12:00:00,12742,825.9
1285,2/12/22, 12:10:00,13036,845
1286,2/12/22, 12:20:00,10963,710.6
1287,2/12/22, 12:30:00,7205,467
1288,2/12/22, 12:40:00,11581,750.7
1289,2/12/22, 12:50:00,8806,570.8
1290,2/12/22, 13:00:00,6530,423.3
1291,2/12/22, 13:10:00,8637,559.9
1292,2/12/22, 13:20:00,10160,658.6
1293,2/12/22, 13:30:00,8251,534.8
1294,2/12/22, 13:40:00,9799,635.2
1295,2/12/22, 13:50:00,4497,291.5
1296,2/12/22, 14:00:00,7835,507.9
1297,2/12/22, 14:10:00,10543,683.4
1298,2/12/22, 14:20:00,5242,339.8
1299,2/12/22, 14:30:00,5390,349.4
1300,2/12/22, 14:40:00,5333,345.7
1301,2/12/22, 14:50:00,4818,312.3
1302,2/12/22, 15:00:00,5289,342.8
1303,2/12/22, 15:10:00,3608,233.9
1304,2/12/22, 15:20:00,1723,111.7
1305,2/12/22, 15:30:00,3194,207
1306,2/12/22, 15:40:00,3732,241.9
1307,2/12/22, 15:50:00,3736,242.2
1308,2/12/22, 16:00:00,1768,114.6
1309,2/12/22, 16:10:00,1358,88
1310,2/12/22, 16:20:00,1302,84.4
1311,2/12/22, 16:30:00,1247,80.8
1312,2/12/22, 16:40:00,1301,84.3
1313,2/12/22, 16:50:00,984,63.8
1314,2/12/22, 17:00:00,631,40.9
1315,2/12/22, 17:10:00,293,19
1316,2/12/22, 17:20:00,234,15.2
1317,2/12/22, 17:30:00,203,13.2
1318,2/12/22, 17:40:00,137,8.9
1319,2/12/22, 17:50:00,59,3.8
1320,2/12/22, 18:00:00,18,1.2
1321,2/12/22, 18:10:00,0,0
1322,2/12/22, 18:20:00,0,0
1323,2/12/22, 18:30:00,0,0
1324,2/12/22, 18:40:00,0,0
1325,2/12/22, 18:50:00,0,0
1326,2/12/22, 19:00:00,0,0
1327,2/12/22, 19:10:00,0,0
1328,2/12/22, 19:20:00,0,0
1329,2/12/22, 19:30:00,0,0
1330,2/12/22, 19:40:00,0,0
1331,2/12/22, 19:50:00,0,0
1332,2/12/22, 20:00:00,0,0
1333,2/12/22, 20:10:00,0,0
1334,2/12/22, 20:20:00,0,0
1335,2/12/22, 20:30:00,0,0
1336,2/12/22, 20:40:00,0,0
1337,2/12/22, 20:50:00,0,0
1338,2/12/22, 21:00:00,0,0
1339,2/12/22, 21:10:00,0,0
1340,2/12/22, 21:20:00,0,0
1341,2/12/22, 21:30:00,0,0
1342,2/12/22, 21:40:00,0,0
1343,2/12/22, 21:50:00,0,0
1344,2/12/22, 22:00:00,0,0
1345,2/12/22, 22:10:00,0,0
1346,2/12/22, 22:20:00,0,0
1347,2/12/22, 22:30:00,0,0
1348,2/12/22, 22:40:00,0,0
1349,2/12/22, 22:50:00,0,0
1350,2/12/22, 23:00:00,0,0
1351,2/12/22, 23:10:00,0,0
1352,2/12/22, 23:20:00,0,0
1353,2/12/22, 23:30:00,0,0
1354,2/12/22, 23:40:00,0,0
1355,2/12/22, 23:50:00,0,0
1356,2/12/22, 24:00:00,0,0
1357,3/12/22, 00:10:00,0,0
1358,3/12/22, 00:20:00,0,0
1359,3/12/22, 00:30:00,0,0
1360,3/12/22, 00:40:00,0,0
1361,3/12/22, 00:50:00,0,0
1362,3/12/22, 01:00:00,0,0
1363,3/12/22, 01:10:00,0,0
1364,3/12/22, 01:20:00,0,0
1365,3/12/22, 01:30:00,0,0
1366,3/12/22, 01:40:00,0,0
1367,3/12/22, 01:50:00,0,0
1368,3/12/22, 02:00:00,0,0
1369,3/12/22, 02:10:00,0,0
1370,3/12/22, 02:20:00,0,0
1371,3/12/22, 02:30:00,0,0
1372,3/12/22, 02:40:00,0,0
1373,3/12/22, 02:50:00,0,0
1374,3/12/22, 03:00:00,0,0
1375,3/12/22, 03:10:00,0,0
1376,3/12/22, 03:20:00,0,0
1377,3/12/22, 03:30:00,0,0
1378,3/12/22, 03:40:00,0,0
1379,3/12/22, 03:50:00,0,0
1380,3/12/22, 04:00:00,0,0
1381,3/12/22, 04:10:00,0,0
1382,3/12/22, 04:20:00,0,0
1383,3/12/22, 04:30:00,0,0
1384,3/12/22, 04:40:00,0,0
1385,3/12/22, 04:50:00,0,0
1386,3/12/22, 05:00:00,0,0
1387,3/12/22, 05:10:00,0,0
1388,3/12/22, 05:20:00,0,0
1389,3/12/22, 05:30:00,0,0
1390,3/12/22, 05:40:00,0,0
1391,3/12/22, 05:50:00,0,0
1392,3/12/22, 06:00:00,0,0
1393,3/12/22, 06:10:00,0,0
1394,3/12/22, 06:20:00,0,0
1395,3/12/22, 06:30:00,0,0
1396,3/12/22, 06:40:00,0,0
1397,3/12/22, 06:50:00,21,1.4
1398,3/12/22, 07:00:00,100,6.5
1399,3/12/22, 07:10:00,219,14.2
1400,3/12/22, 07:20:00,437,28.3
1401,3/12/22, 07:30:00,1038,67.3
1402,3/12/22, 07:40:00,637,41.3
1403,3/12/22, 07:50:00,1489,96.5
1404,3/12/22, 08:00:00,2654,172
1405,3/12/22, 08:10:00,2977,193
1406,3/12/22, 08:20:00,3809,246.9
1407,3/12/22, 08:30:00,4027,261
1408,3/12/22, 08:40:00,2090,135.5
1409,3/12/22, 08:50:00,3963,256.9
1410,3/12/22, 09:00:00,4665,302.4
1411,3/12/22, 09:10:00,6568,425.7
1412,3/12/22, 09:20:00,7472,484.3
1413,3/12/22, 09:30:00,6139,397.9
1414,3/12/22, 09:40:00,7666,496.9
1415,3/12/22, 09:50:00,8864,574.6
1416,3/12/22, 10:00:00,9222,597.8
1417,3/12/22, 10:10:00,9853,638.7
1418,3/12/22, 10:20:00,9477,614.3
1419,3/12/22, 10:30:00,9843,638
1420,3/12/22, 10:40:00,10333,669.8
1421,3/12/22, 10:50:00,11328,734.3
1422,3/12/22, 11:00:00,10396,673.9
1423,3/12/22, 11:10:00,13086,848.2
1424,3/12/22, 11:20:00,11502,745.6
1425,3/12/22, 11:30:00,9813,636.1
1426,3/12/22, 11:40:00,12454,807.3
1427,3/12/22, 11:50:00,13559,878.9
1428,3/12/22, 12:00:00,14159,917.8
1429,3/12/22, 12:10:00,10441,676.8
1430,3/12/22, 12:20:00,4243,275
1431,3/12/22, 12:30:00,8222,533
1432,3/12/22, 12:40:00,5235,339.3
1433,3/12/22, 12:50:00,9206,596.7
1434,3/12/22, 13:00:00,15392,997.7
1435,3/12/22, 13:10:00,11859,768.7
1436,3/12/22, 13:20:00,6962,451.3
1437,3/12/22, 13:30:00,6259,405.7
1438,3/12/22, 13:40:00,10448,677.2
1439,3/12/22, 13:50:00,12634,818.9
1440,3/12/22, 14:00:00,7809,506.2
1441,3/12/22, 14:10:00,8354,541.5
1442,3/12/22, 14:20:00,5738,371.9
1443,3/12/22, 14:30:00,4796,310.9
1444,3/12/22, 14:40:00,9499,615.7
1445,3/12/22, 14:50:00,8919,578.1
1446,3/12/22, 15:00:00,4813,312
1447,3/12/22, 15:10:00,6640,430.4
1448,3/12/22, 15:20:00,3622,234.8
1449,3/12/22, 15:30:00,3137,203.3
1450,3/12/22, 15:40:00,2872,186.2
1451,3/12/22, 15:50:00,4015,260.3
1452,3/12/22, 16:00:00,2177,141.1
1453,3/12/22, 16:10:00,1728,112
1454,3/12/22, 16:20:00,1401,90.8
1455,3/12/22, 16:30:00,1188,77
1456,3/12/22, 16:40:00,939,60.9
1457,3/12/22, 16:50:00,815,52.8
1458,3/12/22, 17:00:00,764,49.5
1459,3/12/22, 17:10:00,654,42.4
1460,3/12/22, 17:20:00,452,29.3
1461,3/12/22, 17:30:00,379,24.6
1462,3/12/22, 17:40:00,204,13.2
1463,3/12/22, 17:50:00,63,4.1
1464,3/12/22, 18:00:00,12,0.8
1465,3/12/22, 18:10:00,0,0
1466,3/12/22, 18:20:00,0,0
1467,3/12/22, 18:30:00,0,0
1468,3/12/22, 18:40:00,0,0
1469,3/12/22, 18:50:00,0,0
1470,3/12/22, 19:00:00,0,0
1471,3/12/22, 19:10:00,0,0
1472,3/12/22, 19:20:00,0,0
1473,3/12/22, 19:30:00,0,0
1474,3/12/22, 19:40:00,0,0
1475,3/12/22, 19:50:00,0,0
1476,3/12/22, 20:00:00,0,0
1477,3/12/22, 20:10:00,0,0
1478,3/12/22, 20:20:00,0,0
1479,3/12/22, 20:30:00,0,0
1480,3/12/22, 20:40:00,0,0
1481,3/12/22, 20:50:00,0,0
1482,3/12/22, 21:00:00,0,0
1483,3/12/22, 21:10:00,0,0
1484,3/12/22, 21:20:00,0,0
1485,3/12/22, 21:30:00,0,0
1486,3/12/22, 21:40:00,0,0
1487,3/12/22, 21:50:00,0,0
1488,3/12/22, 22:00:00,0,0
1489,3/12/22, 22:10:00,0,0
1490,3/12/22, 22:20:00,0,0
1491,3/12/22, 22:30:00,0,0
1492,3/12/22, 22:40:00,0,0
1493,3/12/22, 22:50:00,0,0
1494,3/12/22, 23:00:00,0,0
1495,3/12/22, 23:10:00,0,0
1496,3/12/22, 23:20:00,0,0
1497,3/12/22, 23:30:00,0,0
1498,3/12/22, 23:40:00,0,0
1499,3/12/22, 23:50:00,0,0
1500,3/12/22, 24:00:00,0,0
1501,4/12/22, 00:10:00,0,0
1502,4/12/22, 00:20:00,0,0
1503,4/12/22, 00:30:00,0,0
1504,4/12/22, 00:40:00,0,0
1505,4/12/22, 00:50:00,0,0
1506,4/12/22, 01:00:00,0,0
1507,4/12/22, 01:10:00,0,0
1508,4/12/22, 01:20:00,0,0
1509,4/12/22, 01:30:00,0,0
1510,4/12/22, 01:40:00,0,0
1511,4/12/22, 01:50:00,0,0
1512,4/12/22, 02:00:00,0,0
1513,4/12/22, 02:10:00,0,0
1514,4/12/22, 02:20:00,0,0
1515,4/12/22, 02:30:00,0,0
1516,4/12/22, 02:40:00,0,0
1517,4/12/22, 02:50:00,0,0
1518,4/12/22, 03:00:00,0,0
1519,4/12/22, 03:10:00,0,0
1520,4/12/22, 03:20:00,0,0
1521,4/12/22, 03:30:00,0,0
1522,4/12/22, 03:40:00,0,0
1523,4/12/22, 03:50:00,0,0
1524,4/12/22, 04:00:00,0,0
1525,4/12/22, 04:10:00,0,0
1526,4/12/22, 04:20:00,0,0
1527,4/12/22, 04:30:00,0,0
1528,4/12/22, 04:40:00,0,0
1529,4/12/22, 04:50:00,0,0
1530,4/12/22, 05:00:00,0,0
1531,4/12/22, 05:10:00,0,0
1532,4/12/22, 05:20:00,0,0
1533,4/12/22, 05:30:00,0,0
1534,4/12/22, 05:40:00,0,0
1535,4/12/22, 05:50:00,0,0
1536,4/12/22, 06:00:00,0,0
1537,4/12/22, 06:10:00,0,0
1538,4/12/22, 06:20:00,0,0
1539,4/12/22, 06:30:00,0,0
1540,4/12/22, 06:40:00,0,0
1541,4/12/22, 06:50:00,11,0.7
1542,4/12/22, 07:00:00,68,4.4
1543,4/12/22, 07:10:00,224,14.5
1544,4/12/22, 07:20:00,549,35.6
1545,4/12/22, 07:30:00,689,44.7
1546,4/12/22, 07:40:00,921,59.7
1547,4/12/22, 07:50:00,1389,90
1548,4/12/22, 08:00:00,924,59.9
1549,4/12/22, 08:10:00,2464,159.7
1550,4/12/22, 08:20:00,3563,231
1551,4/12/22, 08:30:00,5425,351.6
1552,4/12/22, 08:40:00,3933,254.9
1553,4/12/22, 08:50:00,2848,184.6
1554,4/12/22, 09:00:00,5094,330.2
1555,4/12/22, 09:10:00,3442,223.1
1556,4/12/22, 09:20:00,3740,242.4
1557,4/12/22, 09:30:00,4323,280.2
1558,4/12/22, 09:40:00,5396,349.8
1559,4/12/22, 09:50:00,6086,394.5
1560,4/12/22, 10:00:00,4043,262.1
1561,4/12/22, 10:10:00,6655,431.4
1562,4/12/22, 10:20:00,10479,679.2
1563,4/12/22, 10:30:00,10226,662.9
1564,4/12/22, 10:40:00,8223,533
1565,4/12/22, 10:50:00,6761,438.2
1566,4/12/22, 11:00:00,9042,586.1
1567,4/12/22, 11:10:00,10323,669.1
1568,4/12/22, 11:20:00,8266,535.8
1569,4/12/22, 11:30:00,8850,573.7
1570,4/12/22, 11:40:00,11800,764.9
1571,4/12/22, 11:50:00,11990,777.2
1572,4/12/22, 12:00:00,11076,717.9
1573,4/12/22, 12:10:00,8074,523.4
1574,4/12/22, 12:20:00,7697,498.9
1575,4/12/22, 12:30:00,9431,611.3
1576,4/12/22, 12:40:00,11808,765.4
1577,4/12/22, 12:50:00,7488,485.4
1578,4/12/22, 13:00:00,6596,427.6
1579,4/12/22, 13:10:00,8764,568.1
1580,4/12/22, 13:20:00,9829,637.1
1581,4/12/22, 13:30:00,12859,833.5
1582,4/12/22, 13:40:00,10231,663.2
1583,4/12/22, 13:50:00,7843,508.4
1584,4/12/22, 14:00:00,10357,671.3
1585,4/12/22, 14:10:00,8542,553.7
1586,4/12/22, 14:20:00,8783,569.3
1587,4/12/22, 14:30:00,11355,736
1588,4/12/22, 14:40:00,7536,488.5
1589,4/12/22, 14:50:00,3794,245.9
1590,4/12/22, 15:00:00,7764,503.3
1591,4/12/22, 15:10:00,8105,525.4
1592,4/12/22, 15:20:00,7253,470.1
1593,4/12/22, 15:30:00,6496,421.1
1594,4/12/22, 15:40:00,5800,376
1595,4/12/22, 15:50:00,3699,239.8
1596,4/12/22, 16:00:00,4817,312.2
1597,4/12/22, 16:10:00,3285,212.9
1598,4/12/22, 16:20:00,2057,133.3
1599,4/12/22, 16:30:00,1370,88.8
1600,4/12/22, 16:40:00,978,63.4
1601,4/12/22, 16:50:00,869,56.3
1602,4/12/22, 17:00:00,739,47.9
1603,4/12/22, 17:10:00,700,45.4
1604,4/12/22, 17:20:00,712,46.2
1605,4/12/22, 17:30:00,496,32.2
1606,4/12/22, 17:40:00,230,14.9
1607,4/12/22, 17:50:00,111,7.2
1608,4/12/22, 18:00:00,34,2.2
1609,4/12/22, 18:10:00,2,0.1
1610,4/12/22, 18:20:00,0,0
1611,4/12/22, 18:30:00,0,0
1612,4/12/22, 18:40:00,0,0
1613,4/12/22, 18:50:00,0,0
1614,4/12/22, 19:00:00,0,0
1615,4/12/22, 19:10:00,0,0
1616,4/12/22, 19:20:00,0,0
1617,4/12/22, 19:30:00,0,0
1618,4/12/22, 19:40:00,0,0
1619,4/12/22, 19:50:00,0,0
1620,4/12/22, 20:00:00,0,0
1621,4/12/22, 20:10:00,0,0
1622,4/12/22, 20:20:00,0,0
1623,4/12/22, 20:30:00,0,0
1624,4/12/22, 20:40:00,0,0
1625,4/12/22, 20:50:00,0,0
1626,4/12/22, 21:00:00,0,0
1627,4/12/22, 21:10:00,0,0
1628,4/12/22, 21:20:00,0,0
1629,4/12/22, 21:30:00,0,0
1630,4/12/22, 21:40:00,0,0
1631,4/12/22, 21:50:00,0,0
1632,4/12/22, 22:00:00,0,0
1633,4/12/22, 22:10:00,0,0
1634,4/12/22, 22:20:00,0,0
1635,4/12/22, 22:30:00,0,0
1636,4/12/22, 22:40:00,0,0
1637,4/12/22, 22:50:00,0,0
1638,4/12/22, 23:00:00,0,0
1639,4/12/22, 23:10:00,0,0
1640,4/12/22, 23:20:00,0,0
1641,4/12/22, 23:30:00,0,0
1642,4/12/22, 23:40:00,0,0
1643,4/12/22, 23:50:00,0,0
1644,4/12/22, 24:00:00,0,0
1645,5/12/22, 00:10:00,0,0
1646,5/12/22, 00:20:00,0,0
1647,5/12/22, 00:30:00,0,0
1648,5/12/22, 00:40:00,0,0
1649,5/12/22, 00:50:00,0,0
1650,5/12/22, 01:00:00,0,0
1651,5/12/22, 01:10:00,0,0
1652,5/12/22, 01:20:00,0,0
1653,5/12/22, 01:30:00,0,0
1654,5/12/22, 01:40:00,0,0
1655,5/12/22, 01:50:00,0,0
1656,5/12/22, 02:00:00,0,0
1657,5/12/22, 02:10:00,0,0
1658,5/12/22, 02:20:00,0,0
1659,5/12/22, 02:30:00,0,0
1660,5/12/22, 02:40:00,0,0
1661,5/12/22, 02:50:00,0,0
1662,5/12/22, 03:00:00,0,0
1663,5/12/22, 03:10:00,0,0
1664,5/12/22, 03:20:00,0,0
1665,5/12/22, 03:30:00,0,0
1666,5/12/22, 03:40:00,0,0
1667,5/12/22, 03:50:00,0,0
1668,5/12/22, 04:00:00,0,0
1669,5/12/22, 04:10:00,0,0
1670,5/12/22, 04:20:00,0,0
1671,5/12/22, 04:30:00,0,0
1672,5/12/22, 04:40:00,0,0
1673,5/12/22, 04:50:00,0,0
1674,5/12/22, 05:00:00,0,0
1675,5/12/22, 05:10:00,0,0
1676,5/12/22, 05:20:00,0,0
1677,5/12/22, 05:30:00,0,0
1678,5/12/22, 05:40:00,0,0
1679,5/12/22, 05:50:00,0,0
1680,5/12/22, 06:00:00,0,0
1681,5/12/22, 06:10:00,0,0
1682,5/12/22, 06:20:00,0,0
1683,5/12/22, 06:30:00,0,0
1684,5/12/22, 06:40:00,0,0
1685,5/12/22, 06:50:00,8,0.5
1686,5/12/22, 07:00:00,61,4
1687,5/12/22, 07:10:00,161,10.4
1688,5/12/22, 07:20:00,263,17
1689,5/12/22, 07:30:00,361,23.4
1690,5/12/22, 07:40:00,461,29.9
1691,5/12/22, 07:50:00,567,36.8
1692,5/12/22, 08:00:00,683,44.3
1693,5/12/22, 08:10:00,951,61.6
1694,5/12/22, 08:20:00,2087,135.3
1695,5/12/22, 08:30:00,2965,192.2
1696,5/12/22, 08:40:00,3404,220.6
1697,5/12/22, 08:50:00,3880,251.5
1698,5/12/22, 09:00:00,4371,283.3
1699,5/12/22, 09:10:00,4900,317.6
1700,5/12/22, 09:20:00,5678,368
1701,5/12/22, 09:30:00,4027,261
1702,5/12/22, 09:40:00,3293,213.5
1703,5/12/22, 09:50:00,6333,410.5
1704,5/12/22, 10:00:00,4186,271.3
1705,5/12/22, 10:10:00,3452,223.8
1706,5/12/22, 10:20:00,4631,300.2
1707,5/12/22, 10:30:00,4673,302.9
1708,5/12/22, 10:40:00,4616,299.2
1709,5/12/22, 10:50:00,4289,278
1710,5/12/22, 11:00:00,5252,340.4
1711,5/12/22, 11:10:00,4235,274.5
1712,5/12/22, 11:20:00,5080,329.3
1713,5/12/22, 11:30:00,6210,402.5
1714,5/12/22, 11:40:00,8508,551.5
1715,5/12/22, 11:50:00,9088,589.1
1716,5/12/22, 12:00:00,6150,398.6
1717,5/12/22, 12:10:00,6332,410.4
1718,5/12/22, 12:20:00,7230,468.6
1719,5/12/22, 12:30:00,6904,447.5
1720,5/12/22, 12:40:00,6166,399.7
1721,5/12/22, 12:50:00,6479,420
1722,5/12/22, 13:00:00,7939,514.6
1723,5/12/22, 13:10:00,10236,663.5
1724,5/12/22, 13:20:00,6879,445.9
1725,5/12/22, 13:30:00,1879,121.8
1726,5/12/22, 13:40:00,1454,94.2
1727,5/12/22, 13:50:00,1543,100
1728,5/12/22, 14:00:00,2023,131.1
1729,5/12/22, 14:10:00,2077,134.6
1730,5/12/22, 14:20:00,2538,164.5
1731,5/12/22, 14:30:00,2355,152.7
1732,5/12/22, 14:40:00,2361,153
1733,5/12/22, 14:50:00,2208,143.1
1734,5/12/22, 15:00:00,2819,182.7
1735,5/12/22, 15:10:00,2644,171.4
1736,5/12/22, 15:20:00,2250,145.8
1737,5/12/22, 15:30:00,1480,95.9
1738,5/12/22, 15:40:00,1303,84.5
1739,5/12/22, 15:50:00,1886,122.3
1740,5/12/22, 16:00:00,1796,116.4
1741,5/12/22, 16:10:00,1967,127.5
1742,5/12/22, 16:20:00,1734,112.4
1743,5/12/22, 16:30:00,1182,76.6
1744,5/12/22, 16:40:00,807,52.3
1745,5/12/22, 16:50:00,883,57.2
1746,5/12/22, 17:00:00,1048,67.9
1747,5/12/22, 17:10:00,1024,66.4
1748,5/12/22, 17:20:00,664,43
1749,5/12/22, 17:30:00,361,23.4
1750,5/12/22, 17:40:00,168,10.9
1751,5/12/22, 17:50:00,63,4.1
1752,5/12/22, 18:00:00,16,1
1753,5/12/22, 18:10:00,0,0
1754,5/12/22, 18:20:00,0,0
1755,5/12/22, 18:30:00,0,0
1756,5/12/22, 18:40:00,0,0
1757,5/12/22, 18:50:00,0,0
1758,5/12/22, 19:00:00,0,0
1759,5/12/22, 19:10:00,0,0
1760,5/12/22, 19:20:00,0,0
1761,5/12/22, 19:30:00,0,0
1762,5/12/22, 19:40:00,0,0
1763,5/12/22, 19:50:00,0,0
1764,5/12/22, 20:00:00,0,0
1765,5/12/22, 20:10:00,0,0
1766,5/12/22, 20:20:00,0,0
1767,5/12/22, 20:30:00,0,0
1768,5/12/22, 20:40:00,0,0
1769,5/12/22, 20:50:00,0,0
1770,5/12/22, 21:00:00,0,0
1771,5/12/22, 21:10:00,0,0
1772,5/12/22, 21:20:00,0,0
1773,5/12/22, 21:30:00,0,0
1774,5/12/22, 21:40:00,0,0
1775,5/12/22, 21:50:00,0,0
1776,5/12/22, 22:00:00,0,0
1777,5/12/22, 22:10:00,0,0
1778,5/12/22, 22:20:00,0,0
1779,5/12/22, 22:30:00,0,0
1780,5/12/22, 22:40:00,0,0
1781,5/12/22, 22:50:00,0,0
1782,5/12/22, 23:00:00,0,0
1783,5/12/22, 23:10:00,0,0
1784,5/12/22, 23:20:00,0,0
1785,5/12/22, 23:30:00,0,0
1786,5/12/22, 23:40:00,0,0
1787,5/12/22, 23:50:00,0,0
1788,5/12/22, 24:00:00,0,0
1789,6/12/22, 00:10:00,0,0
1790,6/12/22, 00:20:00,0,0
1791,6/12/22, 00:30:00,0,0
1792,6/12/22, 00:40:00,0,0
1793,6/12/22, 00:50:00,0,0
1794,6/12/22, 01:00:00,0,0
1795,6/12/22, 01:10:00,0,0
1796,6/12/22, 01:20:00,0,0
1797,6/12/22, 01:30:00,0,0
1798,6/12/22, 01:40:00,0,0
1799,6/12/22, 01:50:00,0,0
1800,6/12/22, 02:00:00,0,0
1801,6/12/22, 02:10:00,0,0
1802,6/12/22, 02:20:00,0,0
1803,6/12/22, 02:30:00,0,0
1804,6/12/22, 02:40:00,0,0
1805,6/12/22, 02:50:00,0,0
1806,6/12/22, 03:00:00,0,0
1807,6/12/22, 03:10:00,0,0
1808,6/12/22, 03:20:00,0,0
1809,6/12/22, 03:30:00,0,0
1810,6/12/22, 03:40:00,0,0
1811,6/12/22, 03:50:00,0,0
1812,6/12/22, 04:00:00,0,0
1813,6/12/22, 04:10:00,0,0
1814,6/12/22, 04:20:00,0,0
1815,6/12/22, 04:30:00,0,0
1816,6/12/22, 04:40:00,0,0
1817,6/12/22, 04:50:00,0,0
1818,6/12/22, 05:00:00,0,0
1819,6/12/22, 05:10:00,0,0
1820,6/12/22, 05:20:00,0,0
1821,6/12/22, 05:30:00,0,0
1822,6/12/22, 05:40:00,0,0
1823,6/12/22, 05:50:00,0,0
1824,6/12/22, 06:00:00,0,0
1825,6/12/22, 06:10:00,0,0
1826,6/12/22, 06:20:00,0,0
1827,6/12/22, 06:30:00,0,0
1828,6/12/22, 06:40:00,0,0
1829,6/12/22, 06:50:00,3,0.2
1830,6/12/22, 07:00:00,31,2
1831,6/12/22, 07:10:00,101,6.5
1832,6/12/22, 07:20:00,284,18.4
1833,6/12/22, 07:30:00,481,31.2
1834,6/12/22, 07:40:00,643,41.7
1835,6/12/22, 07:50:00,908,58.9
1836,6/12/22, 08:00:00,1194,77.4
1837,6/12/22, 08:10:00,1521,98.6
1838,6/12/22, 08:20:00,1535,99.5
1839,6/12/22, 08:30:00,2066,133.9
1840,6/12/22, 08:40:00,2817,182.6
1841,6/12/22, 08:50:00,3089,200.2
1842,6/12/22, 09:00:00,2153,139.6
1843,6/12/22, 09:10:00,1644,106.6
1844,6/12/22, 09:20:00,1956,126.8
1845,6/12/22, 09:30:00,2716,176.1
1846,6/12/22, 09:40:00,2761,179
1847,6/12/22, 09:50:00,2161,140.1
1848,6/12/22, 10:00:00,1172,76
1849,6/12/22, 10:10:00,1567,101.6
1850,6/12/22, 10:20:00,3210,208.1
1851,6/12/22, 10:30:00,4394,284.8
1852,6/12/22, 10:40:00,4567,296
1853,6/12/22, 10:50:00,4975,322.5
1854,6/12/22, 11:00:00,6705,434.6
1855,6/12/22, 11:10:00,7014,454.6
1856,6/12/22, 11:20:00,5368,348
1857,6/12/22, 11:30:00,5790,375.3
1858,6/12/22, 11:40:00,5668,367.4
1859,6/12/22, 11:50:00,6139,397.9
1860,6/12/22, 12:00:00,4690,304
1861,6/12/22, 12:10:00,4173,270.5
1862,6/12/22, 12:20:00,3953,256.2
1863,6/12/22, 12:30:00,4324,280.3
1864,6/12/22, 12:40:00,4377,283.7
1865,6/12/22, 12:50:00,4715,305.6
1866,6/12/22, 13:00:00,5815,376.9
1867,6/12/22, 13:10:00,4632,300.2
1868,6/12/22, 13:20:00,3670,237.9
1869,6/12/22, 13:30:00,4143,268.5
1870,6/12/22, 13:40:00,4737,307.1
1871,6/12/22, 13:50:00,5933,384.6
1872,6/12/22, 14:00:00,3833,248.5
1873,6/12/22, 14:10:00,3197,207.2
1874,6/12/22, 14:20:00,3866,250.6
1875,6/12/22, 14:30:00,4095,265.4
1876,6/12/22, 14:40:00,3206,207.8
1877,6/12/22, 14:50:00,3950,256
1878,6/12/22, 15:00:00,4469,289.7
1879,6/12/22, 15:10:00,5039,326.6
1880,6/12/22, 15:20:00,3148,204.1
1881,6/12/22, 15:30:00,2242,145.3
1882,6/12/22, 15:40:00,3582,232.2
1883,6/12/22, 15:50:00,3158,204.7
1884,6/12/22, 16:00:00,2872,186.2
1885,6/12/22, 16:10:00,3025,196.1
1886,6/12/22, 16:20:00,1106,71.7
1887,6/12/22, 16:30:00,459,29.8
1888,6/12/22, 16:40:00,259,16.8
1889,6/12/22, 16:50:00,406,26.3
1890,6/12/22, 17:00:00,681,44.1
1891,6/12/22, 17:10:00,843,54.6
1892,6/12/22, 17:20:00,568,36.8
1893,6/12/22, 17:30:00,328,21.3
1894,6/12/22, 17:40:00,165,10.7
1895,6/12/22, 17:50:00,47,3
1896,6/12/22, 18:00:00,14,0.9
1897,6/12/22, 18:10:00,0,0
1898,6/12/22, 18:20:00,0,0
1899,6/12/22, 18:30:00,0,0
1900,6/12/22, 18:40:00,0,0
1901,6/12/22, 18:50:00,0,0
1902,6/12/22, 19:00:00,0,0
1903,6/12/22, 19:10:00,0,0
1904,6/12/22, 19:20:00,0,0
1905,6/12/22, 19:30:00,0,0
1906,6/12/22, 19:40:00,0,0
1907,6/12/22, 19:50:00,0,0
1908,6/12/22, 20:00:00,0,0
1909,6/12/22, 20:10:00,0,0
1910,6/12/22, 20:20:00,0,0
1911,6/12/22, 20:30:00,0,0
1912,6/12/22, 20:40:00,0,0
1913,6/12/22, 20:50:00,0,0
1914,6/12/22, 21:00:00,0,0
1915,6/12/22, 21:10:00,0,0
1916,6/12/22, 21:20:00,0,0
1917,6/12/22, 21:30:00,0,0
1918,6/12/22, 21:40:00,0,0
1919,6/12/22, 21:50:00,0,0
1920,6/12/22, 22:00:00,0,0
1921,6/12/22, 22:10:00,0,0
1922,6/12/22, 22:20:00,0,0
1923,6/12/22, 22:30:00,0,0
1924,6/12/22, 22:40:00,0,0
1925,6/12/22, 22:50:00,0,0
1926,6/12/22, 23:00:00,0,0
1927,6/12/22, 23:10:00,0,0
1928,6/12/22, 23:20:00,0,0
1929,6/12/22, 23:30:00,0,0
1930,6/12/22, 23:40:00,0,0
1931,6/12/22, 23:50:00,0,0
1932,6/12/22, 24:00:00,0,0
1933,7/12/22, 00:10:00,0,0
1934,7/12/22, 00:20:00,0,0
1935,7/12/22, 00:30:00,0,0
1936,7/12/22, 00:40:00,0,0
1937,7/12/22, 00:50:00,0,0
1938,7/12/22, 01:00:00,0,0
1939,7/12/22, 01:10:00,0,0
1940,7/12/22, 01:20:00,0,0
1941,7/12/22, 01:30:00,0,0
1942,7/12/22, 01:40:00,0,0
1943,7/12/22, 01:50:00,0,0
1944,7/12/22, 02:00:00,0,0
1945,7/12/22, 02:10:00,0,0
1946,7/12/22, 02:20:00,0,0
1947,7/12/22, 02:30:00,0,0
1948,7/12/22, 02:40:00,0,0
1949,7/12/22, 02:50:00,0,0
1950,7/12/22, 03:00:00,0,0
1951,7/12/22, 03:10:00,0,0
1952,7/12/22, 03:20:00,0,0
1953,7/12/22, 03:30:00,0,0
1954,7/12/22, 03:40:00,0,0
1955,7/12/22, 03:50:00,0,0
1956,7/12/22, 04:00:00,0,0
1957,7/12/22, 04:10:00,0,0
1958,7/12/22, 04:20:00,0,0
1959,7/12/22, 04:30:00,0,0
1960,7/12/22, 04:40:00,0,0
1961,7/12/22, 04:50:00,0,0
1962,7/12/22, 05:00:00,0,0
1963,7/12/22, 05:10:00,0,0
1964,7/12/22, 05:20:00,0,0
1965,7/12/22, 05:30:00,0,0
1966,7/12/22, 05:40:00,0,0
1967,7/12/22, 05:50:00,0,0
1968,7/12/22, 06:00:00,0,0
1969,7/12/22, 06:10:00,0,0
1970,7/12/22, 06:20:00,0,0
1971,7/12/22, 06:30:00,0,0
1972,7/12/22, 06:40:00,0,0
1973,7/12/22, 06:50:00,4,0.3
1974,7/12/22, 07:00:00,28,1.8
1975,7/12/22, 07:10:00,102,6.6
1976,7/12/22, 07:20:00,260,16.9
1977,7/12/22, 07:30:00,364,23.6
1978,7/12/22, 07:40:00,403,26.1
1979,7/12/22, 07:50:00,1200,77.8
1980,7/12/22, 08:00:00,1437,93.1
1981,7/12/22, 08:10:00,1534,99.4
1982,7/12/22, 08:20:00,2374,153.9
1983,7/12/22, 08:30:00,2957,191.7
1984,7/12/22, 08:40:00,2986,193.6
1985,7/12/22, 08:50:00,4223,273.7
1986,7/12/22, 09:00:00,3642,236.1
1987,7/12/22, 09:10:00,3864,250.5
1988,7/12/22, 09:20:00,3427,222.1
1989,7/12/22, 09:30:00,3467,224.7
1990,7/12/22, 09:40:00,5514,357.4
1991,7/12/22, 09:50:00,4978,322.7
1992,7/12/22, 10:00:00,4584,297.1
1993,7/12/22, 10:10:00,6028,390.7
1994,7/12/22, 10:20:00,8995,583.1
1995,7/12/22, 10:30:00,9504,616.1
1996,7/12/22, 10:40:00,6988,453
1997,7/12/22, 10:50:00,3175,205.8
1998,7/12/22, 11:00:00,6057,392.6
1999,7/12/22, 11:10:00,6207,402.3
2000,7/12/22, 11:20:00,7685,498.1
2001,7/12/22, 11:30:00,6998,453.6
2002,7/12/22, 11:40:00,7300,473.2
2003,7/12/22, 11:50:00,5148,333.7
2004,7/12/22, 12:00:00,5079,329.2
2005,7/12/22, 12:10:00,4460,289.1
2006,7/12/22, 12:20:00,5227,338.8
2007,7/12/22, 12:30:00,5504,356.8
2008,7/12/22, 12:40:00,5271,341.7
2009,7/12/22, 12:50:00,4432,287.3
2010,7/12/22, 13:00:00,5268,341.5
2011,7/12/22, 13:10:00,8352,541.4
2012,7/12/22, 13:20:00,7986,517.7
2013,7/12/22, 13:30:00,7515,487.1
2014,7/12/22, 13:40:00,5517,357.6
2015,7/12/22, 13:50:00,4973,322.4
2016,7/12/22, 14:00:00,7042,456.5
2017,7/12/22, 14:10:00,6503,421.5
2018,7/12/22, 14:20:00,5459,353.9
2019,7/12/22, 14:30:00,7212,467.5
2020,7/12/22, 14:40:00,6839,443.3
2021,7/12/22, 14:50:00,7118,461.4
2022,7/12/22, 15:00:00,8217,532.6
2023,7/12/22, 15:10:00,3712,240.6
2024,7/12/22, 15:20:00,6707,434.7
2025,7/12/22, 15:30:00,6441,417.5
2026,7/12/22, 15:40:00,4120,267.1
2027,7/12/22, 15:50:00,4425,286.8
2028,7/12/22, 16:00:00,4768,309.1
2029,7/12/22, 16:10:00,2386,154.7
2030,7/12/22, 16:20:00,1880,121.9
2031,7/12/22, 16:30:00,1443,93.5
2032,7/12/22, 16:40:00,1368,88.7
2033,7/12/22, 16:50:00,1045,67.7
2034,7/12/22, 17:00:00,927,60.1
2035,7/12/22, 17:10:00,837,54.3
2036,7/12/22, 17:20:00,525,34
2037,7/12/22, 17:30:00,451,29.2
2038,7/12/22, 17:40:00,291,18.9
2039,7/12/22, 17:50:00,120,7.8
2040,7/12/22, 18:00:00,13,0.8
2041,7/12/22, 18:10:00,0,0
2042,7/12/22, 18:20:00,0,0
2043,7/12/22, 18:30:00,0,0
2044,7/12/22, 18:40:00,0,0
2045,7/12/22, 18:50:00,0,0
2046,7/12/22, 19:00:00,0,0
2047,7/12/22, 19:10:00,0,0
2048,7/12/22, 19:20:00,0,0
2049,7/12/22, 19:30:00,0,0
2050,7/12/22, 19:40:00,0,0
2051,7/12/22, 19:50:00,0,0
2052,7/12/22, 20:00:00,0,0
2053,7/12/22, 20:10:00,0,0
2054,7/12/22, 20:20:00,0,0
2055,7/12/22, 20:30:00,0,0
2056,7/12/22, 20:40:00,0,0
2057,7/12/22, 20:50:00,0,0
2058,7/12/22, 21:00:00,0,0
2059,7/12/22, 21:10:00,0,0
2060,7/12/22, 21:20:00,0,0
2061,7/12/22, 21:30:00,0,0
2062,7/12/22, 21:40:00,0,0
2063,7/12/22, 21:50:00,0,0
2064,7/12/22, 22:00:00,0,0
2065,7/12/22, 22:10:00,0,0
2066,7/12/22, 22:20:00,0,0
2067,7/12/22, 22:30:00,0,0
2068,7/12/22, 22:40:00,0,0
2069,7/12/22, 22:50:00,0,0
2070,7/12/22, 23:00:00,0,0
2071,7/12/22, 23:10:00,0,0
2072,7/12/22, 23:20:00,0,0
2073,7/12/22, 23:30:00,0,0
2074,7/12/22, 23:40:00,0,0
2075,7/12/22, 23:50:00,0,0
2076,7/12/22, 24:00:00,0,0
2077,8/12/22, 00:10:00,0,0
2078,8/12/22, 00:20:00,0,0
2079,8/12/22, 00:30:00,0,0
2080,8/12/22, 00:40:00,0,0
2081,8/12/22, 00:50:00,0,0
2082,8/12/22, 01:00:00,0,0
2083,8/12/22, 01:10:00,0,0
2084,8/12/22, 01:20:00,0,0
2085,8/12/22, 01:30:00,0,0
2086,8/12/22, 01:40:00,0,0
2087,8/12/22, 01:50:00,0,0
2088,8/12/22, 02:00:00,0,0
2089,8/12/22, 02:10:00,0,0
2090,8/12/22, 02:20:00,0,0
2091,8/12/22, 02:30:00,0,0
2092,8/12/22, 02:40:00,0,0
2093,8/12/22, 02:50:00,0,0
2094,8/12/22, 03:00:00,0,0
2095,8/12/22, 03:10:00,0,0
2096,8/12/22, 03:20:00,0,0
2097,8/12/22, 03:30:00,0,0
2098,8/12/22, 03:40:00,0,0
2099,8/12/22, 03:50:00,0,0
2100,8/12/22, 04:00:00,0,0
2101,8/12/22, 04:10:00,0,0
2102,8/12/22, 04:20:00,0,0
2103,8/12/22, 04:30:00,0,0
2104,8/12/22, 04:40:00,0,0
2105,8/12/22, 04:50:00,0,0
2106,8/12/22, 05:00:00,0,0
2107,8/12/22, 05:10:00,0,0
2108,8/12/22, 05:20:00,0,0
2109,8/12/22, 05:30:00,0,0
2110,8/12/22, 05:40:00,0,0
2111,8/12/22, 05:50:00,0,0
2112,8/12/22, 06:00:00,0,0
2113,8/12/22, 06:10:00,0,0
2114,8/12/22, 06:20:00,0,0
2115,8/12/22, 06:30:00,0,0
2116,8/12/22, 06:40:00,0,0
2117,8/12/22, 06:50:00,4,0.3
2118,8/12/22, 07:00:00,27,1.8
2119,8/12/22, 07:10:00,88,5.7
2120,8/12/22, 07:20:00,200,13
2121,8/12/22, 07:30:00,345,22.4
2122,8/12/22, 07:40:00,566,36.7
2123,8/12/22, 07:50:00,714,46.3
2124,8/12/22, 08:00:00,1614,104.6
2125,8/12/22, 08:10:00,2072,134.3
2126,8/12/22, 08:20:00,2129,138
2127,8/12/22, 08:30:00,2246,145.6
2128,8/12/22, 08:40:00,3821,247.7
2129,8/12/22, 08:50:00,4885,316.6
2130,8/12/22, 09:00:00,4518,292.9
2131,8/12/22, 09:10:00,5312,344.3
2132,8/12/22, 09:20:00,4978,322.7
2133,8/12/22, 09:30:00,3615,234.3
2134,8/12/22, 09:40:00,3370,218.4
2135,8/12/22, 09:50:00,3231,209.4
2136,8/12/22, 10:00:00,3390,219.7
2137,8/12/22, 10:10:00,3584,232.3
2138,8/12/22, 10:20:00,4055,262.8
2139,8/12/22, 10:30:00,6144,398.3
2140,8/12/22, 10:40:00,8195,531.2
2141,8/12/22, 10:50:00,6072,393.6
2142,8/12/22, 11:00:00,5702,369.6
2143,8/12/22, 11:10:00,5436,352.4
2144,8/12/22, 11:20:00,6752,437.7
2145,8/12/22, 11:30:00,8016,519.6
2146,8/12/22, 11:40:00,9579,620.9
2147,8/12/22, 11:50:00,6134,397.6
2148,8/12/22, 12:00:00,5349,346.7
2149,8/12/22, 12:10:00,4837,313.5
2150,8/12/22, 12:20:00,9534,618
2151,8/12/22, 12:30:00,9634,624.5
2152,8/12/22, 12:40:00,7603,492.8
2153,8/12/22, 12:50:00,6412,415.6
2154,8/12/22, 13:00:00,6429,416.7
2155,8/12/22, 13:10:00,9370,607.4
2156,8/12/22, 13:20:00,9482,614.6
2157,8/12/22, 13:30:00,7392,479.2
2158,8/12/22, 13:40:00,6330,410.3
2159,8/12/22, 13:50:00,8097,524.8
2160,8/12/22, 14:00:00,9262,600.4
2161,8/12/22, 14:10:00,9659,626.1
2162,8/12/22, 14:20:00,8393,544
2163,8/12/22, 14:30:00,8871,575
2164,8/12/22, 14:40:00,8539,553.5
2165,8/12/22, 14:50:00,5029,326
2166,8/12/22, 15:00:00,6769,438.8
2167,8/12/22, 15:10:00,4364,282.9
2168,8/12/22, 15:20:00,5948,385.5
2169,8/12/22, 15:30:00,4542,294.4
2170,8/12/22, 15:40:00,2974,192.8
2171,8/12/22, 15:50:00,2401,155.6
2172,8/12/22, 16:00:00,2768,179.4
2173,8/12/22, 16:10:00,2619,169.8
2174,8/12/22, 16:20:00,2463,159.7
2175,8/12/22, 16:30:00,1961,127.1
2176,8/12/22, 16:40:00,1414,91.7
2177,8/12/22, 16:50:00,1259,81.6
2178,8/12/22, 17:00:00,1081,70.1
2179,8/12/22, 17:10:00,778,50.4
2180,8/12/22, 17:20:00,678,43.9
2181,8/12/22, 17:30:00,348,22.6
2182,8/12/22, 17:40:00,131,8.5
2183,8/12/22, 17:50:00,69,4.5
2184,8/12/22, 18:00:00,19,1.2
2185,8/12/22, 18:10:00,0,0
2186,8/12/22, 18:20:00,0,0
2187,8/12/22, 18:30:00,0,0
2188,8/12/22, 18:40:00,0,0
2189,8/12/22, 18:50:00,0,0
2190,8/12/22, 19:00:00,0,0
2191,8/12/22, 19:10:00,0,0
2192,8/12/22, 19:20:00,0,0
2193,8/12/22, 19:30:00,0,0
2194,8/12/22, 19:40:00,0,0
2195,8/12/22, 19:50:00,0,0
2196,8/12/22, 20:00:00,0,0
2197,8/12/22, 20:10:00,0,0
2198,8/12/22, 20:20:00,0,0
2199,8/12/22, 20:30:00,0,0
2200,8/12/22, 20:40:00,0,0
2201,8/12/22, 20:50:00,0,0
2202,8/12/22, 21:00:00,0,0
2203,8/12/22, 21:10:00,0,0
2204,8/12/22, 21:20:00,0,0
2205,8/12/22, 21:30:00,0,0
2206,8/12/22, 21:40:00,0,0
2207,8/12/22, 21:50:00,0,0
2208,8/12/22, 22:00:00,0,0
2209,8/12/22, 22:10:00,0,0
2210,8/12/22, 22:20:00,0,0
2211,8/12/22, 22:30:00,0,0
2212,8/12/22, 22:40:00,0,0
2213,8/12/22, 22:50:00,0,0
2214,8/12/22, 23:00:00,0,0
2215,8/12/22, 23:10:00,0,0
2216,8/12/22, 23:20:00,0,0
2217,8/12/22, 23:30:00,0,0
2218,8/12/22, 23:40:00,0,0
2219,8/12/22, 23:50:00,0,0
2220,8/12/22, 24:00:00,0,0
2221,9/12/22, 00:10:00,0,0
2222,9/12/22, 00:20:00,0,0
2223,9/12/22, 00:30:00,0,0
2224,9/12/22, 00:40:00,0,0
2225,9/12/22, 00:50:00,0,0
2226,9/12/22, 01:00:00,0,0
2227,9/12/22, 01:10:00,0,0
2228,9/12/22, 01:20:00,0,0
2229,9/12/22, 01:30:00,0,0
2230,9/12/22, 01:40:00,0,0
2231,9/12/22, 01:50:00,0,0
2232,9/12/22, 02:00:00,0,0
2233,9/12/22, 02:10:00,0,0
2234,9/12/22, 02:20:00,0,0
2235,9/12/22, 02:30:00,0,0
2236,9/12/22, 02:40:00,0,0
2237,9/12/22, 02:50:00,0,0
2238,9/12/22, 03:00:00,0,0
2239,9/12/22, 03:10:00,0,0
2240,9/12/22, 03:20:00,0,0
2241,9/12/22, 03:30:00,0,0
2242,9/12/22, 03:40:00,0,0
2243,9/12/22, 03:50:00,0,0
2244,9/12/22, 04:00:00,0,0
2245,9/12/22, 04:10:00,0,0
2246,9/12/22, 04:20:00,0,0
2247,9/12/22, 04:30:00,0,0
2248,9/12/22, 04:40:00,0,0
2249,9/12/22, 04:50:00,0,0
2250,9/12/22, 05:00:00,0,0
2251,9/12/22, 05:10:00,0,0
2252,9/12/22, 05:20:00,0,0
2253,9/12/22, 05:30:00,0,0
2254,9/12/22, 05:40:00,0,0
2255,9/12/22, 05:50:00,0,0
2256,9/12/22, 06:00:00,0,0
2257,9/12/22, 06:10:00,0,0
2258,9/12/22, 06:20:00,0,0
2259,9/12/22, 06:30:00,0,0
2260,9/12/22, 06:40:00,0,0
2261,9/12/22, 06:50:00,1,0.1
2262,9/12/22, 07:00:00,26,1.7
2263,9/12/22, 07:10:00,136,8.8
2264,9/12/22, 07:20:00,401,26
2265,9/12/22, 07:30:00,761,49.3
2266,9/12/22, 07:40:00,1119,72.5
2267,9/12/22, 07:50:00,1487,96.4
2268,9/12/22, 08:00:00,1619,104.9
2269,9/12/22, 08:10:00,1504,97.5
2270,9/12/22, 08:20:00,2310,149.7
2271,9/12/22, 08:30:00,2606,168.9
2272,9/12/22, 08:40:00,4302,278.9
2273,9/12/22, 08:50:00,3487,226
2274,9/12/22, 09:00:00,3836,248.6
2275,9/12/22, 09:10:00,2930,189.9
2276,9/12/22, 09:20:00,3224,209
2277,9/12/22, 09:30:00,2673,173.3
2278,9/12/22, 09:40:00,2849,184.7
2279,9/12/22, 09:50:00,2114,137
2280,9/12/22, 10:00:00,2333,151.2
2281,9/12/22, 10:10:00,2322,150.5
2282,9/12/22, 10:20:00,5152,334
2283,9/12/22, 10:30:00,7630,494.6
2284,9/12/22, 10:40:00,4563,295.8
2285,9/12/22, 10:50:00,5802,376.1
2286,9/12/22, 11:00:00,5054,327.6
2287,9/12/22, 11:10:00,5277,342.1
2288,9/12/22, 11:20:00,4959,321.4
2289,9/12/22, 11:30:00,7389,479
2290,9/12/22, 11:40:00,8085,524.1
2291,9/12/22, 11:50:00,7904,512.3
2292,9/12/22, 12:00:00,6590,427.2
2293,9/12/22, 12:10:00,5040,326.7
2294,9/12/22, 12:20:00,9675,627.1
2295,9/12/22, 12:30:00,4041,261.9
2296,9/12/22, 12:40:00,4218,273.4
2297,9/12/22, 12:50:00,5270,341.6
2298,9/12/22, 13:00:00,12014,778.7
2299,9/12/22, 13:10:00,6957,451
2300,9/12/22, 13:20:00,9726,630.4
2301,9/12/22, 13:30:00,10904,706.8
2302,9/12/22, 13:40:00,8948,580
2303,9/12/22, 13:50:00,8015,519.5
2304,9/12/22, 14:00:00,9105,590.2
2305,9/12/22, 14:10:00,4727,306.4
2306,9/12/22, 14:20:00,4835,313.4
2307,9/12/22, 14:30:00,3992,258.8
2308,9/12/22, 14:40:00,3469,224.9
2309,9/12/22, 14:50:00,2865,185.7
2310,9/12/22, 15:00:00,4016,260.3
2311,9/12/22, 15:10:00,6582,426.6
2312,9/12/22, 15:20:00,4913,318.5
2313,9/12/22, 15:30:00,5828,377.8
2314,9/12/22, 15:40:00,3599,233.3
2315,9/12/22, 15:50:00,2012,130.4
2316,9/12/22, 16:00:00,3108,201.5
2317,9/12/22, 16:10:00,2167,140.5
2318,9/12/22, 16:20:00,1508,97.7
2319,9/12/22, 16:30:00,1495,96.9
2320,9/12/22, 16:40:00,2163,140.2
2321,9/12/22, 16:50:00,887,57.5
2322,9/12/22, 17:00:00,683,44.3
2323,9/12/22, 17:10:00,669,43.4
2324,9/12/22, 17:20:00,605,39.2
2325,9/12/22, 17:30:00,306,19.8
2326,9/12/22, 17:40:00,175,11.3
2327,9/12/22, 17:50:00,91,5.9
2328,9/12/22, 18:00:00,14,0.9
2329,9/12/22, 18:10:00,0,0
2330,9/12/22, 18:20:00,0,0
2331,9/12/22, 18:30:00,0,0
2332,9/12/22, 18:40:00,0,0
2333,9/12/22, 18:50:00,0,0
2334,9/12/22, 19:00:00,0,0
2335,9/12/22, 19:10:00,0,0
2336,9/12/22, 19:20:00,0,0
2337,9/12/22, 19:30:00,0,0
2338,9/12/22, 19:40:00,0,0
2339,9/12/22, 19:50:00,0,0
2340,9/12/22, 20:00:00,0,0
2341,9/12/22, 20:10:00,0,0
2342,9/12/22, 20:20:00,0,0
2343,9/12/22, 20:30:00,0,0
2344,9/12/22, 20:40:00,0,0
2345,9/12/22, 20:50:00,0,0
2346,9/12/22, 21:00:00,0,0
2347,9/12/22, 21:10:00,0,0
2348,9/12/22, 21:20:00,0,0
2349,9/12/22, 21:30:00,0,0
2350,9/12/22, 21:40:00,0,0
2351,9/12/22, 21:50:00,0,0
2352,9/12/22, 22:00:00,0,0
2353,9/12/22, 22:10:00,0,0
2354,9/12/22, 22:20:00,0,0
2355,9/12/22, 22:30:00,0,0
2356,9/12/22, 22:40:00,0,0
2357,9/12/22, 22:50:00,0,0
2358,9/12/22, 23:00:00,0,0
2359,9/12/22, 23:10:00,0,0
2360,9/12/22, 23:20:00,0,0
2361,9/12/22, 23:30:00,0,0
2362,9/12/22, 23:40:00,0,0
2363,9/12/22, 23:50:00,0,0
2364,9/12/22, 24:00:00,0,0
2365,10/12/22, 00:10:00,0,0
2366,10/12/22, 00:20:00,0,0
2367,10/12/22, 00:30:00,0,0
2368,10/12/22, 00:40:00,0,0
2369,10/12/22, 00:50:00,0,0
2370,10/12/22, 01:00:00,0,0
2371,10/12/22, 01:10:00,0,0
2372,10/12/22, 01:20:00,0,0
2373,10/12/22, 01:30:00,0,0
2374,10/12/22, 01:40:00,0,0
2375,10/12/22, 01:50:00,0,0
2376,10/12/22, 02:00:00,0,0
2377,10/12/22, 02:10:00,0,0
2378,10/12/22, 02:20:00,0,0
2379,10/12/22, 02:30:00,0,0
2380,10/12/22, 02:40:00,0,0
2381,10/12/22, 02:50:00,0,0
2382,10/12/22, 03:00:00,0,0
2383,10/12/22, 03:10:00,0,0
2384,10/12/22, 03:20:00,0,0
2385,10/12/22, 03:30:00,0,0
2386,10/12/22, 03:40:00,0,0
2387,10/12/22, 03:50:00,0,0
2388,10/12/22, 04:00:00,0,0
2389,10/12/22, 04:10:00,0,0
2390,10/12/22, 04:20:00,0,0
2391,10/12/22, 04:30:00,0,0
2392,10/12/22, 04:40:00,0,0
2393,10/12/22, 04:50:00,0,0
2394,10/12/22, 05:00:00,0,0
2395,10/12/22, 05:10:00,0,0
2396,10/12/22, 05:20:00,0,0
2397,10/12/22, 05:30:00,0,0
2398,10/12/22, 05:40:00,0,0
2399,10/12/22, 05:50:00,0,0
2400,10/12/22, 06:00:00,0,0
2401,10/12/22, 06:10:00,0,0
2402,10/12/22, 06:20:00,0,0
2403,10/12/22, 06:30:00,0,0
2404,10/12/22, 06:40:00,0,0
2405,10/12/22, 06:50:00,2,0.1
2406,10/12/22, 07:00:00,25,1.6
2407,10/12/22, 07:10:00,83,5.4
2408,10/12/22, 07:20:00,149,9.7
2409,10/12/22, 07:30:00,303,19.6
2410,10/12/22, 07:40:00,579,37.5
2411,10/12/22, 07:50:00,974,63.1
2412,10/12/22, 08:00:00,1514,98.1
2413,10/12/22, 08:10:00,1345,87.2
2414,10/12/22, 08:20:00,1492,96.7
2415,10/12/22, 08:30:00,2622,170
2416,10/12/22, 08:40:00,2876,186.4
2417,10/12/22, 08:50:00,3357,217.6
2418,10/12/22, 09:00:00,3738,242.3
2419,10/12/22, 09:10:00,5135,332.9
2420,10/12/22, 09:20:00,5784,374.9
2421,10/12/22, 09:30:00,5698,369.3
2422,10/12/22, 09:40:00,4401,285.3
2423,10/12/22, 09:50:00,7585,491.7
2424,10/12/22, 10:00:00,5766,373.8
2425,10/12/22, 10:10:00,4081,264.5
2426,10/12/22, 10:20:00,8938,579.4
2427,10/12/22, 10:30:00,7757,502.8
2428,10/12/22, 10:40:00,8797,570.2
2429,10/12/22, 10:50:00,9633,624.4
2430,10/12/22, 11:00:00,10105,655
2431,10/12/22, 11:10:00,10673,691.8
2432,10/12/22, 11:20:00,9594,621.9
2433,10/12/22, 11:30:00,11348,735.6
2434,10/12/22, 11:40:00,11772,763.1
2435,10/12/22, 11:50:00,12424,805.3
2436,10/12/22, 12:00:00,11055,716.6
2437,10/12/22, 12:10:00,8001,518.6
2438,10/12/22, 12:20:00,12005,778.2
2439,10/12/22, 12:30:00,10690,692.9
2440,10/12/22, 12:40:00,10889,705.8
2441,10/12/22, 12:50:00,11782,763.7
2442,10/12/22, 13:00:00,12373,802
2443,10/12/22, 13:10:00,12668,821.1
2444,10/12/22, 13:20:00,10672,691.8
2445,10/12/22, 13:30:00,8180,530.2
2446,10/12/22, 13:40:00,12403,804
2447,10/12/22, 13:50:00,10451,677.4
2448,10/12/22, 14:00:00,10799,700
2449,10/12/22, 14:10:00,9372,607.5
2450,10/12/22, 14:20:00,7936,514.4
2451,10/12/22, 14:30:00,5797,375.8
2452,10/12/22, 14:40:00,9272,601
2453,10/12/22, 14:50:00,8002,518.7
2454,10/12/22, 15:00:00,4665,302.4
2455,10/12/22, 15:10:00,2895,187.7
2456,10/12/22, 15:20:00,6303,408.6
2457,10/12/22, 15:30:00,3106,201.3
2458,10/12/22, 15:40:00,2398,155.4
2459,10/12/22, 15:50:00,1622,105.1
2460,10/12/22, 16:00:00,1952,126.5
2461,10/12/22, 16:10:00,2186,141.7
2462,10/12/22, 16:20:00,2116,137.2
2463,10/12/22, 16:30:00,2332,151.2
2464,10/12/22, 16:40:00,1206,78.2
2465,10/12/22, 16:50:00,1578,102.3
2466,10/12/22, 17:00:00,929,60.2
2467,10/12/22, 17:10:00,848,55
2468,10/12/22, 17:20:00,552,35.8
2469,10/12/22, 17:30:00,362,23.5
2470,10/12/22, 17:40:00,170,11
2471,10/12/22, 17:50:00,48,3.1
2472,10/12/22, 18:00:00,13,0.8
2473,10/12/22, 18:10:00,1,0.1
2474,10/12/22, 18:20:00,0,0
2475,10/12/22, 18:30:00,0,0
2476,10/12/22, 18:40:00,0,0
2477,10/12/22, 18:50:00,0,0
2478,10/12/22, 19:00:00,0,0
2479,10/12/22, 19:10:00,0,0
2480,10/12/22, 19:20:00,0,0
2481,10/12/22, 19:30:00,0,0
2482,10/12/22, 19:40:00,0,0
2483,10/12/22, 19:50:00,0,0
2484,10/12/22, 20:00:00,0,0
2485,10/12/22, 20:10:00,0,0
2486,10/12/22, 20:20:00,0,0
2487,10/12/22, 20:30:00,0,0
2488,10/12/22, 20:40:00,0,0
2489,10/12/22, 20:50:00,0,0
2490,10/12/22, 21:00:00,0,0
2491,10/12/22, 21:10:00,0,0
2492,10/12/22, 21:20:00,0,0
2493,10/12/22, 21:30:00,0,0
2494,10/12/22, 21:40:00,0,0
2495,10/12/22, 21:50:00,0,0
2496,10/12/22, 22:00:00,0,0
2497,10/12/22, 22:10:00,0,0
2498,10/12/22, 22:20:00,0,0
2499,10/12/22, 22:30:00,0,0
2500,10/12/22, 22:40:00,0,0
2501,10/12/22, 22:50:00,0,0
2502,10/12/22, 23:00:00,0,0
2503,10/12/22, 23:10:00,0,0
2504,10/12/22, 23:20:00,0,0
2505,10/12/22, 23:30:00,0,0
2506,10/12/22, 23:40:00,0,0
2507,10/12/22, 23:50:00,0,0
2508,10/12/22, 24:00:00,0,0
2509,11/12/22, 00:10:00,0,0
2510,11/12/22, 00:20:00,0,0
2511,11/12/22, 00:30:00,0,0
2512,11/12/22, 00:40:00,0,0
2513,11/12/22, 00:50:00,0,0
2514,11/12/22, 01:00:00,0,0
2515,11/12/22, 01:10:00,0,0
2516,11/12/22, 01:20:00,0,0
2517,11/12/22, 01:30:00,0,0
2518,11/12/22, 01:40:00,0,0
2519,11/12/22, 01:50:00,0,0
2520,11/12/22, 02:00:00,0,0
2521,11/12/22, 02:10:00,0,0
2522,11/12/22, 02:20:00,0,0
2523,11/12/22, 02:30:00,0,0
2524,11/12/22, 02:40:00,0,0
2525,11/12/22, 02:50:00,0,0
2526,11/12/22, 03:00:00,0,0
2527,11/12/22, 03:10:00,0,0
2528,11/12/22, 03:20:00,0,0
2529,11/12/22, 03:30:00,0,0
2530,11/12/22, 03:40:00,0,0
2531,11/12/22, 03:50:00,0,0
2532,11/12/22, 04:00:00,0,0
2533,11/12/22, 04:10:00,0,0
2534,11/12/22, 04:20:00,0,0
2535,11/12/22, 04:30:00,0,0
2536,11/12/22, 04:40:00,0,0
2537,11/12/22, 04:50:00,0,0
2538,11/12/22, 05:00:00,0,0
2539,11/12/22, 05:10:00,0,0
2540,11/12/22, 05:20:00,0,0
2541,11/12/22, 05:30:00,0,0
2542,11/12/22, 05:40:00,0,0
2543,11/12/22, 05:50:00,0,0
2544,11/12/22, 06:00:00,0,0
2545,11/12/22, 06:10:00,0,0
2546,11/12/22, 06:20:00,0,0
2547,11/12/22, 06:30:00,0,0
2548,11/12/22, 06:40:00,0,0
2549,11/12/22, 06:50:00,1,0.1
2550,11/12/22, 07:00:00,20,1.3
2551,11/12/22, 07:10:00,52,3.4
2552,11/12/22, 07:20:00,153,9.9
2553,11/12/22, 07:30:00,287,18.6
2554,11/12/22, 07:40:00,489,31.7
2555,11/12/22, 07:50:00,712,46.2
2556,11/12/22, 08:00:00,835,54.1
2557,11/12/22, 08:10:00,1178,76.4
2558,11/12/22, 08:20:00,1394,90.4
2559,11/12/22, 08:30:00,1532,99.3
2560,11/12/22, 08:40:00,1988,128.9
2561,11/12/22, 08:50:00,2530,164
2562,11/12/22, 09:00:00,2462,159.6
2563,11/12/22, 09:10:00,2881,186.7
2564,11/12/22, 09:20:00,3534,229.1
2565,11/12/22, 09:30:00,3370,218.4
2566,11/12/22, 09:40:00,4194,271.9
2567,11/12/22, 09:50:00,4288,277.9
2568,11/12/22, 10:00:00,3643,236.1
2569,11/12/22, 10:10:00,5644,365.8
2570,11/12/22, 10:20:00,6242,404.6
2571,11/12/22, 10:30:00,5794,375.6
2572,11/12/22, 10:40:00,6918,448.4
2573,11/12/22, 10:50:00,7189,466
2574,11/12/22, 11:00:00,7255,470.3
2575,11/12/22, 11:10:00,7937,514.5
2576,11/12/22, 11:20:00,8692,563.4
2577,11/12/22, 11:30:00,8074,523.4
2578,11/12/22, 11:40:00,8883,575.8
2579,11/12/22, 11:50:00,11208,726.5
2580,11/12/22, 12:00:00,9833,637.4
2581,11/12/22, 12:10:00,10388,673.4
2582,11/12/22, 12:20:00,10868,704.5
2583,11/12/22, 12:30:00,9629,624.2
2584,11/12/22, 12:40:00,11665,756.1
2585,11/12/22, 12:50:00,10417,675.2
2586,11/12/22, 13:00:00,9643,625.1
2587,11/12/22, 13:10:00,9467,613.7
2588,11/12/22, 13:20:00,8694,563.5
2589,11/12/22, 13:30:00,8087,524.2
2590,11/12/22, 13:40:00,7796,505.3
2591,11/12/22, 13:50:00,7053,457.2
2592,11/12/22, 14:00:00,5973,387.2
2593,11/12/22, 14:10:00,6806,441.2
2594,11/12/22, 14:20:00,6822,442.2
2595,11/12/22, 14:30:00,7350,476.4
2596,11/12/22, 14:40:00,6688,433.5
2597,11/12/22, 14:50:00,3843,249.1
2598,11/12/22, 15:00:00,2662,172.6
2599,11/12/22, 15:10:00,2339,151.6
2600,11/12/22, 15:20:00,2594,168.1
2601,11/12/22, 15:30:00,2095,135.8
2602,11/12/22, 15:40:00,2576,167
2603,11/12/22, 15:50:00,3065,198.7
2604,11/12/22, 16:00:00,2546,165
2605,11/12/22, 16:10:00,2302,149.2
2606,11/12/22, 16:20:00,2043,132.4
2607,11/12/22, 16:30:00,1525,98.9
2608,11/12/22, 16:40:00,1886,122.3
2609,11/12/22, 16:50:00,1722,111.6
2610,11/12/22, 17:00:00,1273,82.5
2611,11/12/22, 17:10:00,480,31.1
2612,11/12/22, 17:20:00,338,21.9
2613,11/12/22, 17:30:00,478,31
2614,11/12/22, 17:40:00,227,14.7
2615,11/12/22, 17:50:00,68,4.4
2616,11/12/22, 18:00:00,8,0.5
2617,11/12/22, 18:10:00,0,0
2618,11/12/22, 18:20:00,0,0
2619,11/12/22, 18:30:00,0,0
2620,11/12/22, 18:40:00,0,0
2621,11/12/22, 18:50:00,0,0
2622,11/12/22, 19:00:00,0,0
2623,11/12/22, 19:10:00,0,0
2624,11/12/22, 19:20:00,0,0
2625,11/12/22, 19:30:00,0,0
2626,11/12/22, 19:40:00,0,0
2627,11/12/22, 19:50:00,0,0
2628,11/12/22, 20:00:00,0,0
2629,11/12/22, 20:10:00,0,0
2630,11/12/22, 20:20:00,0,0
2631,11/12/22, 20:30:00,0,0
2632,11/12/22, 20:40:00,0,0
2633,11/12/22, 20:50:00,0,0
2634,11/12/22, 21:00:00,0,0
2635,11/12/22, 21:10:00,0,0
2636,11/12/22, 21:20:00,0,0
2637,11/12/22, 21:30:00,0,0
2638,11/12/22, 21:40:00,0,0
2639,11/12/22, 21:50:00,0,0
2640,11/12/22, 22:00:00,0,0
2641,11/12/22, 22:10:00,0,0
2642,11/12/22, 22:20:00,0,0
2643,11/12/22, 22:30:00,0,0
2644,11/12/22, 22:40:00,0,0
2645,11/12/22, 22:50:00,0,0
2646,11/12/22, 23:00:00,0,0
2647,11/12/22, 23:10:00,0,0
2648,11/12/22, 23:20:00,0,0
2649,11/12/22, 23:30:00,0,0
2650,11/12/22, 23:40:00,0,0
2651,11/12/22, 23:50:00,0,0
2652,11/12/22, 24:00:00,0,0
2653,12/12/22, 00:10:00,0,0
2654,12/12/22, 00:20:00,0,0
2655,12/12/22, 00:30:00,0,0
2656,12/12/22, 00:40:00,0,0
2657,12/12/22, 00:50:00,0,0
2658,12/12/22, 01:00:00,0,0
2659,12/12/22, 01:10:00,0,0
2660,12/12/22, 01:20:00,0,0
2661,12/12/22, 01:30:00,0,0
2662,12/12/22, 01:40:00,0,0
2663,12/12/22, 01:50:00,0,0
2664,12/12/22, 02:00:00,0,0
2665,12/12/22, 02:10:00,0,0
2666,12/12/22, 02:20:00,0,0
2667,12/12/22, 02:30:00,0,0
2668,12/12/22, 02:40:00,0,0
2669,12/12/22, 02:50:00,0,0
2670,12/12/22, 03:00:00,0,0
2671,12/12/22, 03:10:00,0,0
2672,12/12/22, 03:20:00,0,0
2673,12/12/22, 03:30:00,0,0
2674,12/12/22, 03:40:00,0,0
2675,12/12/22, 03:50:00,0,0
2676,12/12/22, 04:00:00,0,0
2677,12/12/22, 04:10:00,0,0
2678,12/12/22, 04:20:00,0,0
2679,12/12/22, 04:30:00,0,0
2680,12/12/22, 04:40:00,0,0
2681,12/12/22, 04:50:00,0,0
2682,12/12/22, 05:00:00,0,0
2683,12/12/22, 05:10:00,0,0
2684,12/12/22, 05:20:00,0,0
2685,12/12/22, 05:30:00,0,0
2686,12/12/22, 05:40:00,0,0
2687,12/12/22, 05:50:00,0,0
2688,12/12/22, 06:00:00,0,0
2689,12/12/22, 06:10:00,0,0
2690,12/12/22, 06:20:00,0,0
2691,12/12/22, 06:30:00,0,0
2692,12/12/22, 06:40:00,0,0
2693,12/12/22, 06:50:00,0,0
2694,12/12/22, 07:00:00,16,1
2695,12/12/22, 07:10:00,61,4
2696,12/12/22, 07:20:00,130,8.4
2697,12/12/22, 07:30:00,293,19
2698,12/12/22, 07:40:00,235,15.2
2699,12/12/22, 07:50:00,336,21.8
2700,12/12/22, 08:00:00,461,29.9
2701,12/12/22, 08:10:00,527,34.2
2702,12/12/22, 08:20:00,556,36
2703,12/12/22, 08:30:00,768,49.8
2704,12/12/22, 08:40:00,1415,91.7
2705,12/12/22, 08:50:00,1163,75.4
2706,12/12/22, 09:00:00,1454,94.2
2707,12/12/22, 09:10:00,1864,120.8
2708,12/12/22, 09:20:00,1602,103.8
2709,12/12/22, 09:30:00,1603,103.9
2710,12/12/22, 09:40:00,2353,152.5
2711,12/12/22, 09:50:00,2148,139.2
2712,12/12/22, 10:00:00,1716,111.2
2713,12/12/22, 10:10:00,3300,213.9
2714,12/12/22, 10:20:00,3117,202
2715,12/12/22, 10:30:00,2611,169.2
2716,12/12/22, 10:40:00,3792,245.8
2717,12/12/22, 10:50:00,3851,249.6
2718,12/12/22, 11:00:00,9100,589.9
2719,12/12/22, 11:10:00,5723,371
2720,12/12/22, 11:20:00,4513,292.5
2721,12/12/22, 11:30:00,3104,201.2
2722,12/12/22, 11:40:00,4976,322.5
2723,12/12/22, 11:50:00,5783,374.9
2724,12/12/22, 12:00:00,5131,332.6
2725,12/12/22, 12:10:00,6366,412.6
2726,12/12/22, 12:20:00,5231,339.1
2727,12/12/22, 12:30:00,8144,527.9
2728,12/12/22, 12:40:00,8241,534.2
2729,12/12/22, 12:50:00,9197,596.2
2730,12/12/22, 13:00:00,11862,768.9
2731,12/12/22, 13:10:00,11914,772.3
2732,12/12/22, 13:20:00,11526,747.1
2733,12/12/22, 13:30:00,9976,646.6
2734,12/12/22, 13:40:00,9241,599
2735,12/12/22, 13:50:00,6688,433.5
2736,12/12/22, 14:00:00,4976,322.5
2737,12/12/22, 14:10:00,8115,526
2738,12/12/22, 14:20:00,9050,586.6
2739,12/12/22, 14:30:00,9649,625.4
2740,12/12/22, 14:40:00,5611,363.7
2741,12/12/22, 14:50:00,6100,395.4
2742,12/12/22, 15:00:00,6795,440.5
2743,12/12/22, 15:10:00,4321,280.1
2744,12/12/22, 15:20:00,5551,359.8
2745,12/12/22, 15:30:00,4293,278.3
2746,12/12/22, 15:40:00,3340,216.5
2747,12/12/22, 15:50:00,2593,168.1
2748,12/12/22, 16:00:00,2878,186.6
2749,12/12/22, 16:10:00,2303,149.3
2750,12/12/22, 16:20:00,2653,172
2751,12/12/22, 16:30:00,1310,84.9
2752,12/12/22, 16:40:00,1085,70.3
2753,12/12/22, 16:50:00,1000,64.8
2754,12/12/22, 17:00:00,1007,65.3
2755,12/12/22, 17:10:00,843,54.6
2756,12/12/22, 17:20:00,636,41.2
2757,12/12/22, 17:30:00,430,27.9
2758,12/12/22, 17:40:00,240,15.6
2759,12/12/22, 17:50:00,90,5.8
2760,12/12/22, 18:00:00,20,1.3
2761,12/12/22, 18:10:00,1,0.1
2762,12/12/22, 18:20:00,0,0
2763,12/12/22, 18:30:00,0,0
2764,12/12/22, 18:40:00,0,0
2765,12/12/22, 18:50:00,0,0
2766,12/12/22, 19:00:00,0,0
2767,12/12/22, 19:10:00,0,0
2768,12/12/22, 19:20:00,0,0
2769,12/12/22, 19:30:00,0,0
2770,12/12/22, 19:40:00,0,0
2771,12/12/22, 19:50:00,0,0
2772,12/12/22, 20:00:00,0,0
2773,12/12/22, 20:10:00,0,0
2774,12/12/22, 20:20:00,0,0
2775,12/12/22, 20:30:00,0,0
2776,12/12/22, 20:40:00,0,0
2777,12/12/22, 20:50:00,0,0
2778,12/12/22, 21:00:00,0,0
2779,12/12/22, 21:10:00,0,0
2780,12/12/22, 21:20:00,0,0
2781,12/12/22, 21:30:00,0,0
2782,12/12/22, 21:40:00,0,0
2783,12/12/22, 21:50:00,0,0
2784,12/12/22, 22:00:00,0,0
2785,12/12/22, 22:10:00,0,0
2786,12/12/22, 22:20:00,0,0
2787,12/12/22, 22:30:00,0,0
2788,12/12/22, 22:40:00,0,0
2789,12/12/22, 22:50:00,0,0
2790,12/12/22, 23:00:00,0,0
2791,12/12/22, 23:10:00,0,0
2792,12/12/22, 23:20:00,0,0
2793,12/12/22, 23:30:00,0,0
2794,12/12/22, 23:40:00,0,0
2795,12/12/22, 23:50:00,0,0
2796,12/12/22, 24:00:00,0,0
2797,13/12/2022 , 00:10:00,0,0
2798,13/12/2022 , 00:20:00,0,0
2799,13/12/2022 , 00:30:00,0,0
2800,13/12/2022 , 00:40:00,0,0
2801,13/12/2022 , 00:50:00,0,0
2802,13/12/2022 , 01:00:00,0,0
2803,13/12/2022 , 01:10:00,0,0
2804,13/12/2022 , 01:20:00,0,0
2805,13/12/2022 , 01:30:00,0,0
2806,13/12/2022 , 01:40:00,0,0
2807,13/12/2022 , 01:50:00,0,0
2808,13/12/2022 , 02:00:00,0,0
2809,13/12/2022 , 02:10:00,0,0
2810,13/12/2022 , 02:20:00,0,0
2811,13/12/2022 , 02:30:00,0,0
2812,13/12/2022 , 02:40:00,0,0
2813,13/12/2022 , 02:50:00,0,0
2814,13/12/2022 , 03:00:00,0,0
2815,13/12/2022 , 03:10:00,0,0
2816,13/12/2022 , 03:20:00,0,0
2817,13/12/2022 , 03:30:00,0,0
2818,13/12/2022 , 03:40:00,0,0
2819,13/12/2022 , 03:50:00,0,0
2820,13/12/2022 , 04:00:00,0,0
2821,13/12/2022 , 04:10:00,0,0
2822,13/12/2022 , 04:20:00,0,0
2823,13/12/2022 , 04:30:00,0,0
2824,13/12/2022 , 04:40:00,0,0
2825,13/12/2022 , 04:50:00,0,0
2826,13/12/2022 , 05:00:00,0,0
2827,13/12/2022 , 05:10:00,0,0
2828,13/12/2022 , 05:20:00,0,0
2829,13/12/2022 , 05:30:00,0,0
2830,13/12/2022 , 05:40:00,0,0
2831,13/12/2022 , 05:50:00,0,0
2832,13/12/2022 , 06:00:00,0,0
2833,13/12/2022 , 06:10:00,0,0
2834,13/12/2022 , 06:20:00,0,0
2835,13/12/2022 , 06:30:00,0,0
2836,13/12/2022 , 06:40:00,0,0
2837,13/12/2022 , 06:50:00,0,0
2838,13/12/2022 , 07:00:00,16,1
2839,13/12/2022 , 07:10:00,55,3.6
2840,13/12/2022 , 07:20:00,122,7.9
2841,13/12/2022 , 07:30:00,194,12.6
2842,13/12/2022 , 07:40:00,468,30.3
2843,13/12/2022 , 07:50:00,489,31.7
2844,13/12/2022 , 08:00:00,555,36
2845,13/12/2022 , 08:10:00,646,41.9
2846,13/12/2022 , 08:20:00,678,43.9
2847,13/12/2022 , 08:30:00,879,57
2848,13/12/2022 , 08:40:00,1488,96.5
2849,13/12/2022 , 08:50:00,2161,140.1
2850,13/12/2022 , 09:00:00,2465,159.8
2851,13/12/2022 , 09:10:00,4993,323.6
2852,13/12/2022 , 09:20:00,2325,150.7
2853,13/12/2022 , 09:30:00,4056,262.9
2854,13/12/2022 , 09:40:00,3473,225.1
2855,13/12/2022 , 09:50:00,3302,214
2856,13/12/2022 , 10:00:00,3071,199.1
2857,13/12/2022 , 10:10:00,3314,214.8
2858,13/12/2022 , 10:20:00,5141,333.2
2859,13/12/2022 , 10:30:00,2597,168.3
2860,13/12/2022 , 10:40:00,32,2.1
2861,13/12/2022 , 10:50:00,22,1.4