scan,date,time,raw,calibrated_original,calibrated
1,24/01/2023 , 13:00:00,941,941,NA
2,24/01/2023 , 13:10:00,722,722,NA
3,24/01/2023 , 13:20:00,613,613,NA
4,24/01/2023 , 13:30:00,455,455,84.72998138
5,24/01/2023 , 13:40:00,626,626,116.5735568
6,24/01/2023 , 13:50:00,1568,1568,NA
7,24/01/2023 , 14:00:00,742,742,NA
8,24/01/2023 , 14:10:00,146,146,27.18808194
9,24/01/2023 , 14:20:00,202,202,37.61638734
10,24/01/2023 , 14:30:00,264,264,49.16201117
11,24/01/2023 , 14:40:00,28,28,5.2141527
12,24/01/2023 , 14:50:00,38,38,7.076350093
13,24/01/2023 , 15:00:00,40,40,7.448789572
14,24/01/2023 , 15:10:00,49,49,9.124767225
15,24/01/2023 , 15:20:00,77,77,14.33891993
16,24/01/2023 , 15:30:00,66,66,12.29050279
17,24/01/2023 , 15:40:00,51,51,9.497206704
18,24/01/2023 , 15:50:00,35,35,6.517690875
19,24/01/2023 , 16:00:00,25,25,4.655493482
20,24/01/2023 , 16:10:00,129,129,24.02234637
21,24/01/2023 , 16:20:00,141,141,26.25698324
22,24/01/2023 , 16:30:00,113,113,21.04283054
23,24/01/2023 , 16:40:00,114,114,21.22905028
24,24/01/2023 , 16:50:00,99,99,18.43575419
25,24/01/2023 , 17:00:00,84,84,15.6424581
26,24/01/2023 , 17:10:00,79,79,14.7113594
27,24/01/2023 , 17:20:00,73,73,13.59404097
28,24/01/2023 , 17:30:00,53,53,9.869646182
29,24/01/2023 , 17:40:00,40,40,7.448789572
30,24/01/2023 , 17:50:00,30,30,5.586592179
31,24/01/2023 , 18:00:00,17,17,3.165735568
32,24/01/2023 , 18:10:00,7,7,1.303538175
33,24/01/2023 , 18:20:00,0,0,0
34,24/01/2023 , 18:30:00,0,0,0
35,24/01/2023 , 18:40:00,0,0,0
36,24/01/2023 , 18:50:00,0,0,0
37,24/01/2023 , 19:00:00,0,0,0
38,24/01/2023 , 19:10:00,0,0,0
39,24/01/2023 , 19:20:00,0,0,0
40,24/01/2023 , 19:30:00,0,0,0
41,24/01/2023 , 19:40:00,0,0,0
42,24/01/2023 , 19:50:00,0,0,0
43,24/01/2023 , 20:00:00,0,0,0
44,24/01/2023 , 20:10:00,0,0,0
45,24/01/2023 , 20:20:00,0,0,0
46,24/01/2023 , 20:30:00,0,0,0
47,24/01/2023 , 20:40:00,0,0,0
48,24/01/2023 , 20:50:00,0,0,0
49,24/01/2023 , 21:00:00,0,0,0
50,24/01/2023 , 21:10:00,0,0,0
51,24/01/2023 , 21:20:00,0,0,0
52,24/01/2023 , 21:30:00,0,0,0
53,24/01/2023 , 21:40:00,0,0,0
54,24/01/2023 , 21:50:00,0,0,0
55,24/01/2023 , 22:00:00,0,0,0
56,24/01/2023 , 22:10:00,0,0,0
57,24/01/2023 , 22:20:00,0,0,0
58,24/01/2023 , 22:30:00,0,0,0
59,24/01/2023 , 22:40:00,0,0,0
60,24/01/2023 , 22:50:00,0,0,0
61,24/01/2023 , 23:00:00,0,0,0
62,24/01/2023 , 23:10:00,0,0,0
63,24/01/2023 , 23:20:00,0,0,0
64,24/01/2023 , 23:30:00,0,0,0
65,24/01/2023 , 23:40:00,0,0,0
66,24/01/2023 , 23:50:00,0,0,0
67,24/01/2023 , 24:00:00,0,0,0
68,25/01/2023 , 00:10:00,0,0,0
69,25/01/2023 , 00:20:00,0,0,0
70,25/01/2023 , 00:30:00,0,0,0
71,25/01/2023 , 00:40:00,0,0,0
72,25/01/2023 , 00:50:00,0,0,0
73,25/01/2023 , 01:00:00,0,0,0
74,25/01/2023 , 01:10:00,0,0,0
75,25/01/2023 , 01:20:00,0,0,0
76,25/01/2023 , 01:30:00,0,0,0
77,25/01/2023 , 01:40:00,0,0,0
78,25/01/2023 , 01:50:00,0,0,0
79,25/01/2023 , 02:00:00,0,0,0
80,25/01/2023 , 02:10:00,0,0,0
81,25/01/2023 , 02:20:00,0,0,0
82,25/01/2023 , 02:30:00,0,0,0
83,25/01/2023 , 02:40:00,0,0,0
84,25/01/2023 , 02:50:00,0,0,0
85,25/01/2023 , 03:00:00,0,0,0
86,25/01/2023 , 03:10:00,0,0,0
87,25/01/2023 , 03:20:00,0,0,0
88,25/01/2023 , 03:30:00,0,0,0
89,25/01/2023 , 03:40:00,0,0,0
90,25/01/2023 , 03:50:00,0,0,0
91,25/01/2023 , 04:00:00,0,0,0
92,25/01/2023 , 04:10:00,0,0,0
93,25/01/2023 , 04:20:00,0,0,0
94,25/01/2023 , 04:30:00,0,0,0
95,25/01/2023 , 04:40:00,0,0,0
96,25/01/2023 , 04:50:00,0,0,0
97,25/01/2023 , 05:00:00,0,0,0
98,25/01/2023 , 05:10:00,0,0,0
99,25/01/2023 , 05:20:00,0,0,0
100,25/01/2023 , 05:30:00,0,0,0
101,25/01/2023 , 05:40:00,0,0,0
102,25/01/2023 , 05:50:00,0,0,0
103,25/01/2023 , 06:00:00,0,0,0
104,25/01/2023 , 06:10:00,0,0,0
105,25/01/2023 , 06:20:00,0,0,0
106,25/01/2023 , 06:30:00,0,0,0
107,25/01/2023 , 06:40:00,0,0,0
108,25/01/2023 , 06:50:00,0,0,0
109,25/01/2023 , 07:00:00,0,0,0
110,25/01/2023 , 07:10:00,0,0,0
111,25/01/2023 , 07:20:00,0,0,0
112,25/01/2023 , 07:30:00,0,0,0
113,25/01/2023 , 07:40:00,1,1,0.186219739
114,25/01/2023 , 07:50:00,13,13,2.420856611
115,25/01/2023 , 08:00:00,5,5,0.931098696
116,25/01/2023 , 08:10:00,5,5,0.931098696
117,25/01/2023 , 08:20:00,10,10,1.862197393
118,25/01/2023 , 08:30:00,12,12,2.234636872
119,25/01/2023 , 08:40:00,16,16,2.979515829
120,25/01/2023 , 08:50:00,15,15,2.793296089
121,25/01/2023 , 09:00:00,11,11,2.048417132
122,25/01/2023 , 09:10:00,15,15,2.793296089
123,25/01/2023 , 09:20:00,26,26,4.841713222
124,25/01/2023 , 09:30:00,31,31,5.772811918
125,25/01/2023 , 09:40:00,40,40,7.448789572
126,25/01/2023 , 09:50:00,42,42,7.82122905
127,25/01/2023 , 10:00:00,47,47,8.752327747
128,25/01/2023 , 10:10:00,42,42,7.82122905
129,25/01/2023 , 10:20:00,57,57,10.61452514
130,25/01/2023 , 10:30:00,58,58,10.80074488
131,25/01/2023 , 10:40:00,53,53,9.869646182
132,25/01/2023 , 10:50:00,49,49,9.124767225
133,25/01/2023 , 11:00:00,50,50,9.310986965
134,25/01/2023 , 11:10:00,58,58,10.80074488
135,25/01/2023 , 11:20:00,54,54,10.05586592
136,25/01/2023 , 11:30:00,53,53,9.869646182
137,25/01/2023 , 11:40:00,66,66,12.29050279
138,25/01/2023 , 11:50:00,84,84,15.6424581
139,25/01/2023 , 12:00:00,79,79,14.7113594
140,25/01/2023 , 12:10:00,70,70,13.03538175
141,25/01/2023 , 12:20:00,57,57,10.61452514
142,25/01/2023 , 12:30:00,71,71,13.22160149
143,25/01/2023 , 12:40:00,86,86,16.01489758
144,25/01/2023 , 12:50:00,86,86,16.01489758
145,25/01/2023 , 13:00:00,83,83,15.45623836
146,25/01/2023 , 13:10:00,66,66,12.29050279
147,25/01/2023 , 13:20:00,68,68,12.66294227
148,25/01/2023 , 13:30:00,84,84,15.6424581
149,25/01/2023 , 13:40:00,76,76,14.15270019
150,25/01/2023 , 13:50:00,79,79,14.7113594
151,25/01/2023 , 14:00:00,85,85,15.82867784
152,25/01/2023 , 14:10:00,177,177,32.96089385
153,25/01/2023 , 14:20:00,295,295,54.93482309
154,25/01/2023 , 14:30:00,268,268,49.90689013
155,25/01/2023 , 14:40:00,268,268,49.90689013
156,25/01/2023 , 14:50:00,263,263,48.97579143
157,25/01/2023 , 15:00:00,264,264,49.16201117
158,25/01/2023 , 15:10:00,85,85,15.82867784
159,25/01/2023 , 15:20:00,63,63,11.73184358
160,25/01/2023 , 15:30:00,57,57,10.61452514
161,25/01/2023 , 15:40:00,53,53,9.869646182
162,25/01/2023 , 15:50:00,203,203,37.80260708
163,25/01/2023 , 16:00:00,180,180,33.51955307
164,25/01/2023 , 16:10:00,168,168,31.2849162
165,25/01/2023 , 16:20:00,148,148,27.56052142
166,25/01/2023 , 16:30:00,135,135,25.1396648
167,25/01/2023 , 16:40:00,140,140,26.0707635
168,25/01/2023 , 16:50:00,136,136,25.32588454
169,25/01/2023 , 17:00:00,125,125,23.27746741
170,25/01/2023 , 17:10:00,114,114,21.22905028
171,25/01/2023 , 17:20:00,73,73,13.59404097
172,25/01/2023 , 17:30:00,60,60,11.17318436
173,25/01/2023 , 17:40:00,45,45,8.379888268
174,25/01/2023 , 17:50:00,29,29,5.400372439
175,25/01/2023 , 18:00:00,16,16,2.979515829
176,25/01/2023 , 18:10:00,6,6,1.117318436
177,25/01/2023 , 18:20:00,0,0,0
178,25/01/2023 , 18:30:00,0,0,0
179,25/01/2023 , 18:40:00,0,0,0
180,25/01/2023 , 18:50:00,0,0,0
181,25/01/2023 , 19:00:00,0,0,0
182,25/01/2023 , 19:10:00,0,0,0
183,25/01/2023 , 19:20:00,0,0,0
184,25/01/2023 , 19:30:00,0,0,0
185,25/01/2023 , 19:40:00,0,0,0
186,25/01/2023 , 19:50:00,0,0,0
187,25/01/2023 , 20:00:00,0,0,0
188,25/01/2023 , 20:10:00,0,0,0
189,25/01/2023 , 20:20:00,0,0,0
190,25/01/2023 , 20:30:00,0,0,0
191,25/01/2023 , 20:40:00,0,0,0
192,25/01/2023 , 20:50:00,0,0,0
193,25/01/2023 , 21:00:00,0,0,0
194,25/01/2023 , 21:10:00,0,0,0
195,25/01/2023 , 21:20:00,0,0,0
196,25/01/2023 , 21:30:00,0,0,0
197,25/01/2023 , 21:40:00,0,0,0
198,25/01/2023 , 21:50:00,0,0,0
199,25/01/2023 , 22:00:00,0,0,0
200,25/01/2023 , 22:10:00,0,0,0
201,25/01/2023 , 22:20:00,0,0,0
202,25/01/2023 , 22:30:00,0,0,0
203,25/01/2023 , 22:40:00,0,0,0
204,25/01/2023 , 22:50:00,0,0,0
205,25/01/2023 , 23:00:00,0,0,0
206,25/01/2023 , 23:10:00,0,0,0
207,25/01/2023 , 23:20:00,0,0,0
208,25/01/2023 , 23:30:00,0,0,0
209,25/01/2023 , 23:40:00,0,0,0
210,25/01/2023 , 23:50:00,0,0,0
211,25/01/2023 , 24:00:00,0,0,0
212,26/01/2023 , 00:10:00,0,0,0
213,26/01/2023 , 00:20:00,0,0,0
214,26/01/2023 , 00:30:00,0,0,0
215,26/01/2023 , 00:40:00,0,0,0
216,26/01/2023 , 00:50:00,0,0,0
217,26/01/2023 , 01:00:00,0,0,0
218,26/01/2023 , 01:10:00,0,0,0
219,26/01/2023 , 01:20:00,0,0,0
220,26/01/2023 , 01:30:00,0,0,0
221,26/01/2023 , 01:40:00,0,0,0
222,26/01/2023 , 01:50:00,0,0,0
223,26/01/2023 , 02:00:00,0,0,0
224,26/01/2023 , 02:10:00,0,0,0
225,26/01/2023 , 02:20:00,0,0,0
226,26/01/2023 , 02:30:00,0,0,0
227,26/01/2023 , 02:40:00,0,0,0
228,26/01/2023 , 02:50:00,0,0,0
229,26/01/2023 , 03:00:00,0,0,0
230,26/01/2023 , 03:10:00,0,0,0
231,26/01/2023 , 03:20:00,0,0,0
232,26/01/2023 , 03:30:00,0,0,0
233,26/01/2023 , 03:40:00,0,0,0
234,26/01/2023 , 03:50:00,0,0,0
235,26/01/2023 , 04:00:00,0,0,0
236,26/01/2023 , 04:10:00,0,0,0
237,26/01/2023 , 04:20:00,0,0,0
238,26/01/2023 , 04:30:00,0,0,0
239,26/01/2023 , 04:40:00,0,0,0
240,26/01/2023 , 04:50:00,0,0,0
241,26/01/2023 , 05:00:00,0,0,0
242,26/01/2023 , 05:10:00,0,0,0
243,26/01/2023 , 05:20:00,0,0,0
244,26/01/2023 , 05:30:00,0,0,0
245,26/01/2023 , 05:40:00,0,0,0
246,26/01/2023 , 05:50:00,0,0,0
247,26/01/2023 , 06:00:00,0,0,0
248,26/01/2023 , 06:10:00,0,0,0
249,26/01/2023 , 06:20:00,0,0,0
250,26/01/2023 , 06:30:00,0,0,0
251,26/01/2023 , 06:40:00,0,0,0
252,26/01/2023 , 06:50:00,0,0,0
253,26/01/2023 , 07:00:00,0,0,0
254,26/01/2023 , 07:10:00,0,0,0
255,26/01/2023 , 07:20:00,0,0,0
256,26/01/2023 , 07:30:00,0,0,0
257,26/01/2023 , 07:40:00,0,0,0
258,26/01/2023 , 07:50:00,1,1,0.186219739
259,26/01/2023 , 08:00:00,5,5,0.931098696
260,26/01/2023 , 08:10:00,9,9,1.675977654
261,26/01/2023 , 08:20:00,12,12,2.234636872
262,26/01/2023 , 08:30:00,14,14,2.60707635
263,26/01/2023 , 08:40:00,14,14,2.60707635
264,26/01/2023 , 08:50:00,22,22,4.096834264
265,26/01/2023 , 09:00:00,25,25,4.655493482
266,26/01/2023 , 09:10:00,31,31,5.772811918
267,26/01/2023 , 09:20:00,35,35,6.517690875
268,26/01/2023 , 09:30:00,31,31,5.772811918
269,26/01/2023 , 09:40:00,29,29,5.400372439
270,26/01/2023 , 09:50:00,45,45,8.379888268
271,26/01/2023 , 10:00:00,49,49,9.124767225
272,26/01/2023 , 10:10:00,51,51,9.497206704
273,26/01/2023 , 10:20:00,53,53,9.869646182
274,26/01/2023 , 10:30:00,58,58,10.80074488
275,26/01/2023 , 10:40:00,61,61,11.3594041
276,26/01/2023 , 10:50:00,53,53,9.869646182
277,26/01/2023 , 11:00:00,48,48,8.938547486
278,26/01/2023 , 11:10:00,59,59,10.98696462
279,26/01/2023 , 11:20:00,52,52,9.683426443
280,26/01/2023 , 11:30:00,31,31,5.772811918
281,26/01/2023 , 11:40:00,25,25,4.655493482
282,26/01/2023 , 11:50:00,24,24,4.469273743
283,26/01/2023 , 12:00:00,24,24,4.469273743
284,26/01/2023 , 12:10:00,25,25,4.655493482
285,26/01/2023 , 12:20:00,26,26,4.841713222
286,26/01/2023 , 12:30:00,29,29,5.400372439
287,26/01/2023 , 12:40:00,27,27,5.027932961
288,26/01/2023 , 12:50:00,26,26,4.841713222
289,26/01/2023 , 13:00:00,25,25,4.655493482
290,26/01/2023 , 13:10:00,31,31,5.772811918
291,26/01/2023 , 13:20:00,39,39,7.262569832
292,26/01/2023 , 13:30:00,52,52,9.683426443
293,26/01/2023 , 13:40:00,56,56,10.4283054
294,26/01/2023 , 13:50:00,55,55,10.24208566
295,26/01/2023 , 14:00:00,48,48,8.938547486
296,26/01/2023 , 14:10:00,230,230,42.83054004
297,26/01/2023 , 14:20:00,217,217,40.40968343
298,26/01/2023 , 14:30:00,36,36,6.703910615
299,26/01/2023 , 14:40:00,26,26,4.841713222
300,26/01/2023 , 14:50:00,25,25,4.655493482
301,26/01/2023 , 15:00:00,23,23,4.283054004
302,26/01/2023 , 15:10:00,25,25,4.655493482
303,26/01/2023 , 15:20:00,25,25,4.655493482
304,26/01/2023 , 15:30:00,26,26,4.841713222
305,26/01/2023 , 15:40:00,28,28,5.2141527
306,26/01/2023 , 15:50:00,23,23,4.283054004
307,26/01/2023 , 16:00:00,84,84,15.6424581
308,26/01/2023 , 16:10:00,100,100,18.62197393
309,26/01/2023 , 16:20:00,96,96,17.87709497
310,26/01/2023 , 16:30:00,99,99,18.43575419
311,26/01/2023 , 16:40:00,109,109,20.29795158
312,26/01/2023 , 16:50:00,117,117,21.7877095
313,26/01/2023 , 17:00:00,88,88,16.38733706
314,26/01/2023 , 17:10:00,55,55,10.24208566
315,26/01/2023 , 17:20:00,52,52,9.683426443
316,26/01/2023 , 17:30:00,39,39,7.262569832
317,26/01/2023 , 17:40:00,36,36,6.703910615
318,26/01/2023 , 17:50:00,24,24,4.469273743
319,26/01/2023 , 18:00:00,11,11,2.048417132
320,26/01/2023 , 18:10:00,3,3,0.558659218
321,26/01/2023 , 18:20:00,0,0,0
322,26/01/2023 , 18:30:00,0,0,0
323,26/01/2023 , 18:40:00,0,0,0
324,26/01/2023 , 18:50:00,0,0,0
325,26/01/2023 , 19:00:00,0,0,0
326,26/01/2023 , 19:10:00,0,0,0
327,26/01/2023 , 19:20:00,0,0,0
328,26/01/2023 , 19:30:00,0,0,0
329,26/01/2023 , 19:40:00,0,0,0
330,26/01/2023 , 19:50:00,0,0,0
331,26/01/2023 , 20:00:00,0,0,0
332,26/01/2023 , 20:10:00,0,0,0
333,26/01/2023 , 20:20:00,0,0,0
334,26/01/2023 , 20:30:00,0,0,0
335,26/01/2023 , 20:40:00,0,0,0
336,26/01/2023 , 20:50:00,0,0,0
337,26/01/2023 , 21:00:00,0,0,0
338,26/01/2023 , 21:10:00,0,0,0
339,26/01/2023 , 21:20:00,0,0,0
340,26/01/2023 , 21:30:00,0,0,0
341,26/01/2023 , 21:40:00,0,0,0
342,26/01/2023 , 21:50:00,0,0,0
343,26/01/2023 , 22:00:00,0,0,0
344,26/01/2023 , 22:10:00,0,0,0
345,26/01/2023 , 22:20:00,0,0,0
346,26/01/2023 , 22:30:00,0,0,0
347,26/01/2023 , 22:40:00,0,0,0
348,26/01/2023 , 22:50:00,0,0,0
349,26/01/2023 , 23:00:00,0,0,0
350,26/01/2023 , 23:10:00,0,0,0
351,26/01/2023 , 23:20:00,0,0,0
352,26/01/2023 , 23:30:00,0,0,0
353,26/01/2023 , 23:40:00,0,0,0
354,26/01/2023 , 23:50:00,0,0,0
355,26/01/2023 , 24:00:00,0,0,0
356,27/01/2023 , 00:10:00,0,0,0
357,27/01/2023 , 00:20:00,0,0,0
358,27/01/2023 , 00:30:00,0,0,0
359,27/01/2023 , 00:40:00,0,0,0
360,27/01/2023 , 00:50:00,0,0,0
361,27/01/2023 , 01:00:00,0,0,0
362,27/01/2023 , 01:10:00,0,0,0
363,27/01/2023 , 01:20:00,0,0,0
364,27/01/2023 , 01:30:00,0,0,0
365,27/01/2023 , 01:40:00,0,0,0
366,27/01/2023 , 01:50:00,0,0,0
367,27/01/2023 , 02:00:00,0,0,0
368,27/01/2023 , 02:10:00,0,0,0
369,27/01/2023 , 02:20:00,0,0,0
370,27/01/2023 , 02:30:00,0,0,0
371,27/01/2023 , 02:40:00,0,0,0
372,27/01/2023 , 02:50:00,0,0,0
373,27/01/2023 , 03:00:00,0,0,0
374,27/01/2023 , 03:10:00,0,0,0
375,27/01/2023 , 03:20:00,0,0,0
376,27/01/2023 , 03:30:00,0,0,0
377,27/01/2023 , 03:40:00,0,0,0
378,27/01/2023 , 03:50:00,0,0,0
379,27/01/2023 , 04:00:00,0,0,0
380,27/01/2023 , 04:10:00,0,0,0
381,27/01/2023 , 04:20:00,0,0,0
382,27/01/2023 , 04:30:00,0,0,0
383,27/01/2023 , 04:40:00,0,0,0
384,27/01/2023 , 04:50:00,0,0,0
385,27/01/2023 , 05:00:00,0,0,0
386,27/01/2023 , 05:10:00,0,0,0
387,27/01/2023 , 05:20:00,0,0,0
388,27/01/2023 , 05:30:00,0,0,0
389,27/01/2023 , 05:40:00,0,0,0
390,27/01/2023 , 05:50:00,0,0,0
391,27/01/2023 , 06:00:00,0,0,0
392,27/01/2023 , 06:10:00,0,0,0
393,27/01/2023 , 06:20:00,0,0,0
394,27/01/2023 , 06:30:00,0,0,0
395,27/01/2023 , 06:40:00,0,0,0
396,27/01/2023 , 06:50:00,0,0,0
397,27/01/2023 , 07:00:00,0,0,0
398,27/01/2023 , 07:10:00,0,0,0
399,27/01/2023 , 07:20:00,0,0,0
400,27/01/2023 , 07:30:00,0,0,0
401,27/01/2023 , 07:40:00,0,0,0
402,27/01/2023 , 07:50:00,0,0,0
403,27/01/2023 , 08:00:00,0,0,0
404,27/01/2023 , 08:10:00,3,3,0.558659218
405,27/01/2023 , 08:20:00,6,6,1.117318436
406,27/01/2023 , 08:30:00,10,10,1.862197393
407,27/01/2023 , 08:40:00,16,16,2.979515829
408,27/01/2023 , 08:50:00,16,16,2.979515829
409,27/01/2023 , 09:00:00,15,15,2.793296089
410,27/01/2023 , 09:10:00,17,17,3.165735568
411,27/01/2023 , 09:20:00,23,23,4.283054004
412,27/01/2023 , 09:30:00,35,35,6.517690875
413,27/01/2023 , 09:40:00,37,37,6.890130354
414,27/01/2023 , 09:50:00,30,30,5.586592179
415,27/01/2023 , 10:00:00,43,43,8.00744879
416,27/01/2023 , 10:10:00,43,43,8.00744879
417,27/01/2023 , 10:20:00,52,52,9.683426443
418,27/01/2023 , 10:30:00,47,47,8.752327747
419,27/01/2023 , 10:40:00,51,51,9.497206704
420,27/01/2023 , 10:50:00,55,55,10.24208566
421,27/01/2023 , 11:00:00,53,53,9.869646182
422,27/01/2023 , 11:10:00,55,55,10.24208566
423,27/01/2023 , 11:20:00,61,61,11.3594041
424,27/01/2023 , 11:30:00,61,61,11.3594041
425,27/01/2023 , 11:40:00,62,62,11.54562384
426,27/01/2023 , 11:50:00,65,65,12.10428305
427,27/01/2023 , 12:00:00,63,63,11.73184358
428,27/01/2023 , 12:10:00,58,58,10.80074488
429,27/01/2023 , 12:20:00,66,66,12.29050279
430,27/01/2023 , 12:30:00,73,73,13.59404097
431,27/01/2023 , 12:40:00,70,70,13.03538175
432,27/01/2023 , 12:50:00,68,68,12.66294227
433,27/01/2023 , 13:00:00,74,74,13.78026071
434,27/01/2023 , 13:10:00,70,70,13.03538175
435,27/01/2023 , 13:20:00,74,74,13.78026071
436,27/01/2023 , 13:30:00,72,72,13.40782123
437,27/01/2023 , 13:40:00,61,61,11.3594041
438,27/01/2023 , 13:50:00,64,64,11.91806331
439,27/01/2023 , 14:00:00,65,65,12.10428305
440,27/01/2023 , 14:10:00,70,70,13.03538175
441,27/01/2023 , 14:20:00,64,64,11.91806331
442,27/01/2023 , 14:30:00,69,69,12.84916201
443,27/01/2023 , 14:40:00,61,61,11.3594041
444,27/01/2023 , 14:50:00,60,60,11.17318436
445,27/01/2023 , 15:00:00,65,65,12.10428305
446,27/01/2023 , 15:10:00,249,249,46.36871508
447,27/01/2023 , 15:20:00,169,169,31.47113594
448,27/01/2023 , 15:30:00,51,51,9.497206704
449,27/01/2023 , 15:40:00,46,46,8.566108007
450,27/01/2023 , 15:50:00,43,43,8.00744879
451,27/01/2023 , 16:00:00,170,170,31.65735568
452,27/01/2023 , 16:10:00,204,204,37.98882682
453,27/01/2023 , 16:20:00,159,159,29.60893855
454,27/01/2023 , 16:30:00,161,161,29.98137803
455,27/01/2023 , 16:40:00,129,129,24.02234637
456,27/01/2023 , 16:50:00,115,115,21.41527002
457,27/01/2023 , 17:00:00,123,123,22.90502793
458,27/01/2023 , 17:10:00,104,104,19.36685289
459,27/01/2023 , 17:20:00,74,74,13.78026071
460,27/01/2023 , 17:30:00,50,50,9.310986965
461,27/01/2023 , 17:40:00,27,27,5.027932961
462,27/01/2023 , 17:50:00,18,18,3.351955307
463,27/01/2023 , 18:00:00,9,9,1.675977654
464,27/01/2023 , 18:10:00,1,1,0.186219739
465,27/01/2023 , 18:20:00,0,0,0
466,27/01/2023 , 18:30:00,0,0,0
467,27/01/2023 , 18:40:00,0,0,0
468,27/01/2023 , 18:50:00,0,0,0
469,27/01/2023 , 19:00:00,0,0,0
470,27/01/2023 , 19:10:00,0,0,0
471,27/01/2023 , 19:20:00,0,0,0
472,27/01/2023 , 19:30:00,0,0,0
473,27/01/2023 , 19:40:00,0,0,0
474,27/01/2023 , 19:50:00,0,0,0
475,27/01/2023 , 20:00:00,0,0,0
476,27/01/2023 , 20:10:00,0,0,0
477,27/01/2023 , 20:20:00,0,0,0
478,27/01/2023 , 20:30:00,0,0,0
479,27/01/2023 , 20:40:00,0,0,0
480,27/01/2023 , 20:50:00,0,0,0
481,27/01/2023 , 21:00:00,0,0,0
482,27/01/2023 , 21:10:00,0,0,0
483,27/01/2023 , 21:20:00,0,0,0
484,27/01/2023 , 21:30:00,0,0,0
485,27/01/2023 , 21:40:00,0,0,0
486,27/01/2023 , 21:50:00,0,0,0
487,27/01/2023 , 22:00:00,0,0,0
488,27/01/2023 , 22:10:00,0,0,0
489,27/01/2023 , 22:20:00,0,0,0
490,27/01/2023 , 22:30:00,0,0,0
491,27/01/2023 , 22:40:00,0,0,0
492,27/01/2023 , 22:50:00,0,0,0
493,27/01/2023 , 23:00:00,0,0,0
494,27/01/2023 , 23:10:00,0,0,0
495,27/01/2023 , 23:20:00,0,0,0
496,27/01/2023 , 23:30:00,0,0,0
497,27/01/2023 , 23:40:00,0,0,0
498,27/01/2023 , 23:50:00,0,0,0
499,27/01/2023 , 24:00:00,0,0,0
500,28/01/2023 , 00:10:00,0,0,0
501,28/01/2023 , 00:20:00,0,0,0
502,28/01/2023 , 00:30:00,0,0,0
503,28/01/2023 , 00:40:00,0,0,0
504,28/01/2023 , 00:50:00,0,0,0
505,28/01/2023 , 01:00:00,0,0,0
506,28/01/2023 , 01:10:00,0,0,0
507,28/01/2023 , 01:20:00,0,0,0
508,28/01/2023 , 01:30:00,0,0,0
509,28/01/2023 , 01:40:00,0,0,0
510,28/01/2023 , 01:50:00,0,0,0
511,28/01/2023 , 02:00:00,0,0,0
512,28/01/2023 , 02:10:00,0,0,0
513,28/01/2023 , 02:20:00,0,0,0
514,28/01/2023 , 02:30:00,0,0,0
515,28/01/2023 , 02:40:00,0,0,0
516,28/01/2023 , 02:50:00,0,0,0
517,28/01/2023 , 03:00:00,0,0,0
518,28/01/2023 , 03:10:00,0,0,0
519,28/01/2023 , 03:20:00,0,0,0
520,28/01/2023 , 03:30:00,0,0,0
521,28/01/2023 , 03:40:00,0,0,0
522,28/01/2023 , 03:50:00,0,0,0
523,28/01/2023 , 04:00:00,0,0,0
524,28/01/2023 , 04:10:00,0,0,0
525,28/01/2023 , 04:20:00,0,0,0
526,28/01/2023 , 04:30:00,0,0,0
527,28/01/2023 , 04:40:00,0,0,0
528,28/01/2023 , 04:50:00,0,0,0
529,28/01/2023 , 05:00:00,0,0,0
530,28/01/2023 , 05:10:00,0,0,0
531,28/01/2023 , 05:20:00,0,0,0
532,28/01/2023 , 05:30:00,0,0,0
533,28/01/2023 , 05:40:00,0,0,0
534,28/01/2023 , 05:50:00,0,0,0
535,28/01/2023 , 06:00:00,0,0,0
536,28/01/2023 , 06:10:00,0,0,0
537,28/01/2023 , 06:20:00,0,0,0
538,28/01/2023 , 06:30:00,0,0,0
539,28/01/2023 , 06:40:00,0,0,0
540,28/01/2023 , 06:50:00,0,0,0
541,28/01/2023 , 07:00:00,0,0,0
542,28/01/2023 , 07:10:00,0,0,0
543,28/01/2023 , 07:20:00,0,0,0
544,28/01/2023 , 07:30:00,0,0,0
545,28/01/2023 , 07:40:00,0,0,0
546,28/01/2023 , 07:50:00,0,0,0
547,28/01/2023 , 08:00:00,0,0,0
548,28/01/2023 , 08:10:00,0,0,0
549,28/01/2023 , 08:20:00,0,0,0
550,28/01/2023 , 08:30:00,0,0,0
551,28/01/2023 , 08:40:00,2,2,0.372439479
552,28/01/2023 , 08:50:00,12,12,2.234636872
553,28/01/2023 , 09:00:00,8,8,1.489757914
554,28/01/2023 , 09:10:00,22,22,4.096834264
555,28/01/2023 , 09:20:00,28,28,5.2141527
556,28/01/2023 , 09:30:00,22,22,4.096834264
557,28/01/2023 , 09:40:00,22,22,4.096834264
558,28/01/2023 , 09:50:00,29,29,5.400372439
559,28/01/2023 , 10:00:00,32,32,5.959031657
560,28/01/2023 , 10:10:00,34,34,6.331471136
561,28/01/2023 , 10:20:00,38,38,7.076350093
562,28/01/2023 , 10:30:00,43,43,8.00744879
563,28/01/2023 , 10:40:00,41,41,7.635009311
564,28/01/2023 , 10:50:00,32,32,5.959031657
565,28/01/2023 , 11:00:00,28,28,5.2141527
566,28/01/2023 , 11:10:00,23,23,4.283054004
567,28/01/2023 , 11:20:00,34,34,6.331471136
568,28/01/2023 , 11:30:00,65,65,12.10428305
569,28/01/2023 , 11:40:00,35,35,6.517690875
570,28/01/2023 , 11:50:00,26,26,4.841713222
571,28/01/2023 , 12:00:00,41,41,7.635009311
572,28/01/2023 , 12:10:00,47,47,8.752327747
573,28/01/2023 , 12:20:00,59,59,10.98696462
574,28/01/2023 , 12:30:00,53,53,9.869646182
575,28/01/2023 , 12:40:00,51,51,9.497206704
576,28/01/2023 , 12:50:00,51,51,9.497206704
577,28/01/2023 , 13:00:00,35,35,6.517690875
578,28/01/2023 , 13:10:00,38,38,7.076350093
579,28/01/2023 , 13:20:00,44,44,8.193668529
580,28/01/2023 , 13:30:00,34,34,6.331471136
581,28/01/2023 , 13:40:00,31,31,5.772811918
582,28/01/2023 , 13:50:00,39,39,7.262569832
583,28/01/2023 , 14:00:00,60,60,11.17318436
584,28/01/2023 , 14:10:00,28,28,5.2141527
585,28/01/2023 , 14:20:00,29,29,5.400372439
586,28/01/2023 , 14:30:00,127,127,23.64990689
587,28/01/2023 , 14:40:00,49,49,9.124767225
588,28/01/2023 , 14:50:00,30,30,5.586592179
589,28/01/2023 , 15:00:00,29,29,5.400372439
590,28/01/2023 , 15:10:00,16,16,2.979515829
591,28/01/2023 , 15:20:00,19,19,3.538175047
592,28/01/2023 , 15:30:00,28,28,5.2141527
593,28/01/2023 , 15:40:00,21,21,3.910614525
594,28/01/2023 , 15:50:00,53,53,9.869646182
595,28/01/2023 , 16:00:00,88,88,16.38733706
596,28/01/2023 , 16:10:00,97,97,18.06331471
597,28/01/2023 , 16:20:00,70,70,13.03538175
598,28/01/2023 , 16:30:00,61,61,11.3594041
599,28/01/2023 , 16:40:00,71,71,13.22160149
600,28/01/2023 , 16:50:00,69,69,12.84916201
601,28/01/2023 , 17:00:00,79,79,14.7113594
602,28/01/2023 , 17:10:00,77,77,14.33891993
603,28/01/2023 , 17:20:00,74,74,13.78026071
604,28/01/2023 , 17:30:00,52,52,9.683426443
605,28/01/2023 , 17:40:00,27,27,5.027932961
606,28/01/2023 , 17:50:00,14,14,2.60707635
607,28/01/2023 , 18:00:00,6,6,1.117318436
608,28/01/2023 , 18:10:00,0,0,0
609,28/01/2023 , 18:20:00,0,0,0
610,28/01/2023 , 18:30:00,0,0,0
611,28/01/2023 , 18:40:00,0,0,0
612,28/01/2023 , 18:50:00,0,0,0
613,28/01/2023 , 19:00:00,0,0,0
614,28/01/2023 , 19:10:00,0,0,0
615,28/01/2023 , 19:20:00,0,0,0
616,28/01/2023 , 19:30:00,0,0,0
617,28/01/2023 , 19:40:00,0,0,0
618,28/01/2023 , 19:50:00,0,0,0
619,28/01/2023 , 20:00:00,0,0,0
620,28/01/2023 , 20:10:00,0,0,0
621,28/01/2023 , 20:20:00,0,0,0
622,28/01/2023 , 20:30:00,0,0,0
623,28/01/2023 , 20:40:00,0,0,0
624,28/01/2023 , 20:50:00,0,0,0
625,28/01/2023 , 21:00:00,0,0,0
626,28/01/2023 , 21:10:00,0,0,0
627,28/01/2023 , 21:20:00,0,0,0
628,28/01/2023 , 21:30:00,0,0,0
629,28/01/2023 , 21:40:00,0,0,0
630,28/01/2023 , 21:50:00,0,0,0
631,28/01/2023 , 22:00:00,0,0,0
632,28/01/2023 , 22:10:00,0,0,0
633,28/01/2023 , 22:20:00,0,0,0
634,28/01/2023 , 22:30:00,0,0,0
635,28/01/2023 , 22:40:00,0,0,0
636,28/01/2023 , 22:50:00,0,0,0
637,28/01/2023 , 23:00:00,0,0,0
638,28/01/2023 , 23:10:00,0,0,0
639,28/01/2023 , 23:20:00,0,0,0
640,28/01/2023 , 23:30:00,0,0,0
641,28/01/2023 , 23:40:00,0,0,0
642,28/01/2023 , 23:50:00,0,0,0
643,28/01/2023 , 24:00:00,0,0,0
644,29/01/2023 , 00:10:00,0,0,0
645,29/01/2023 , 00:20:00,0,0,0
646,29/01/2023 , 00:30:00,0,0,0
647,29/01/2023 , 00:40:00,0,0,0
648,29/01/2023 , 00:50:00,0,0,0
649,29/01/2023 , 01:00:00,0,0,0
650,29/01/2023 , 01:10:00,0,0,0
651,29/01/2023 , 01:20:00,0,0,0
652,29/01/2023 , 01:30:00,0,0,0
653,29/01/2023 , 01:40:00,0,0,0
654,29/01/2023 , 01:50:00,0,0,0
655,29/01/2023 , 02:00:00,0,0,0
656,29/01/2023 , 02:10:00,0,0,0
657,29/01/2023 , 02:20:00,0,0,0
658,29/01/2023 , 02:30:00,0,0,0
659,29/01/2023 , 02:40:00,0,0,0
660,29/01/2023 , 02:50:00,0,0,0
661,29/01/2023 , 03:00:00,0,0,0
662,29/01/2023 , 03:10:00,0,0,0
663,29/01/2023 , 03:20:00,0,0,0
664,29/01/2023 , 03:30:00,0,0,0
665,29/01/2023 , 03:40:00,0,0,0
666,29/01/2023 , 03:50:00,0,0,0
667,29/01/2023 , 04:00:00,0,0,0
668,29/01/2023 , 04:10:00,0,0,0
669,29/01/2023 , 04:20:00,0,0,0
670,29/01/2023 , 04:30:00,0,0,0
671,29/01/2023 , 04:40:00,0,0,0
672,29/01/2023 , 04:50:00,0,0,0
673,29/01/2023 , 05:00:00,0,0,0
674,29/01/2023 , 05:10:00,0,0,0
675,29/01/2023 , 05:20:00,0,0,0
676,29/01/2023 , 05:30:00,0,0,0
677,29/01/2023 , 05:40:00,0,0,0
678,29/01/2023 , 05:50:00,0,0,0
679,29/01/2023 , 06:00:00,0,0,0
680,29/01/2023 , 06:10:00,0,0,0
681,29/01/2023 , 06:20:00,0,0,0
682,29/01/2023 , 06:30:00,0,0,0
683,29/01/2023 , 06:40:00,0,0,0
684,29/01/2023 , 06:50:00,0,0,0
685,29/01/2023 , 07:00:00,0,0,0
686,29/01/2023 , 07:10:00,0,0,0
687,29/01/2023 , 07:20:00,0,0,0
688,29/01/2023 , 07:30:00,0,0,0
689,29/01/2023 , 07:40:00,0,0,0
690,29/01/2023 , 07:50:00,0,0,0
691,29/01/2023 , 08:00:00,0,0,0
692,29/01/2023 , 08:10:00,2,2,0.372439479
693,29/01/2023 , 08:20:00,5,5,0.931098696
694,29/01/2023 , 08:30:00,9,9,1.675977654
695,29/01/2023 , 08:40:00,8,8,1.489757914
696,29/01/2023 , 08:50:00,5,5,0.931098696
697,29/01/2023 , 09:00:00,10,10,1.862197393
698,29/01/2023 , 09:10:00,12,12,2.234636872
699,29/01/2023 , 09:20:00,8,8,1.489757914
700,29/01/2023 , 09:30:00,13,13,2.420856611
701,29/01/2023 , 09:40:00,16,16,2.979515829
702,29/01/2023 , 09:50:00,33,33,6.145251397
703,29/01/2023 , 10:00:00,44,44,8.193668529
704,29/01/2023 , 10:10:00,51,51,9.497206704
705,29/01/2023 , 10:20:00,46,46,8.566108007
706,29/01/2023 , 10:30:00,36,36,6.703910615
707,29/01/2023 , 10:40:00,38,38,7.076350093
708,29/01/2023 , 10:50:00,31,31,5.772811918
709,29/01/2023 , 11:00:00,50,50,9.310986965
710,29/01/2023 , 11:10:00,60,60,11.17318436
711,29/01/2023 , 11:20:00,31,31,5.772811918
712,29/01/2023 , 11:30:00,36,36,6.703910615
713,29/01/2023 , 11:40:00,25,25,4.655493482
714,29/01/2023 , 11:50:00,33,33,6.145251397
715,29/01/2023 , 12:00:00,30,30,5.586592179
716,29/01/2023 , 12:10:00,38,38,7.076350093
717,29/01/2023 , 12:20:00,46,46,8.566108007
718,29/01/2023 , 12:30:00,40,40,7.448789572
719,29/01/2023 , 12:40:00,41,41,7.635009311
720,29/01/2023 , 12:50:00,44,44,8.193668529
721,29/01/2023 , 13:00:00,41,41,7.635009311
722,29/01/2023 , 13:10:00,56,56,10.4283054
723,29/01/2023 , 13:20:00,51,51,9.497206704
724,29/01/2023 , 13:30:00,59,59,10.98696462
725,29/01/2023 , 13:40:00,53,53,9.869646182
726,29/01/2023 , 13:50:00,42,42,7.82122905
727,29/01/2023 , 14:00:00,25,25,4.655493482
728,29/01/2023 , 14:10:00,14,14,2.60707635
729,29/01/2023 , 14:20:00,18,18,3.351955307
730,29/01/2023 , 14:30:00,15,15,2.793296089
731,29/01/2023 , 14:40:00,5,5,0.931098696
732,29/01/2023 , 14:50:00,5,5,0.931098696
733,29/01/2023 , 15:00:00,7,7,1.303538175
734,29/01/2023 , 15:10:00,7,7,1.303538175
735,29/01/2023 , 15:20:00,34,34,6.331471136
736,29/01/2023 , 15:30:00,48,48,8.938547486
737,29/01/2023 , 15:40:00,12,12,2.234636872
738,29/01/2023 , 15:50:00,11,11,2.048417132
739,29/01/2023 , 16:00:00,99,99,18.43575419
740,29/01/2023 , 16:10:00,94,94,17.50465549
741,29/01/2023 , 16:20:00,63,63,11.73184358
742,29/01/2023 , 16:30:00,39,39,7.262569832
743,29/01/2023 , 16:40:00,25,25,4.655493482
744,29/01/2023 , 16:50:00,40,40,7.448789572
745,29/01/2023 , 17:00:00,43,43,8.00744879
746,29/01/2023 , 17:10:00,33,33,6.145251397
747,29/01/2023 , 17:20:00,29,29,5.400372439
748,29/01/2023 , 17:30:00,29,29,5.400372439
749,29/01/2023 , 17:40:00,15,15,2.793296089
750,29/01/2023 , 17:50:00,4,4,0.744878957
751,29/01/2023 , 18:00:00,1,1,0.186219739
752,29/01/2023 , 18:10:00,0,0,0
753,29/01/2023 , 18:20:00,0,0,0
754,29/01/2023 , 18:30:00,0,0,0
755,29/01/2023 , 18:40:00,0,0,0
756,29/01/2023 , 18:50:00,0,0,0
757,29/01/2023 , 19:00:00,0,0,0
758,29/01/2023 , 19:10:00,0,0,0
759,29/01/2023 , 19:20:00,0,0,0
760,29/01/2023 , 19:30:00,0,0,0
761,29/01/2023 , 19:40:00,0,0,0
762,29/01/2023 , 19:50:00,0,0,0
763,29/01/2023 , 20:00:00,0,0,0
764,29/01/2023 , 20:10:00,0,0,0
765,29/01/2023 , 20:20:00,0,0,0
766,29/01/2023 , 20:30:00,0,0,0
767,29/01/2023 , 20:40:00,0,0,0
768,29/01/2023 , 20:50:00,0,0,0
769,29/01/2023 , 21:00:00,0,0,0
770,29/01/2023 , 21:10:00,0,0,0
771,29/01/2023 , 21:20:00,0,0,0
772,29/01/2023 , 21:30:00,0,0,0
773,29/01/2023 , 21:40:00,0,0,0
774,29/01/2023 , 21:50:00,0,0,0
775,29/01/2023 , 22:00:00,0,0,0
776,29/01/2023 , 22:10:00,0,0,0
777,29/01/2023 , 22:20:00,0,0,0
778,29/01/2023 , 22:30:00,0,0,0
779,29/01/2023 , 22:40:00,0,0,0
780,29/01/2023 , 22:50:00,0,0,0
781,29/01/2023 , 23:00:00,0,0,0
782,29/01/2023 , 23:10:00,0,0,0
783,29/01/2023 , 23:20:00,0,0,0
784,29/01/2023 , 23:30:00,0,0,0
785,29/01/2023 , 23:40:00,0,0,0
786,29/01/2023 , 23:50:00,0,0,0
787,29/01/2023 , 24:00:00,0,0,0
788,30/01/2023 , 00:10:00,0,0,0
789,30/01/2023 , 00:20:00,0,0,0
790,30/01/2023 , 00:30:00,0,0,0
791,30/01/2023 , 00:40:00,0,0,0
792,30/01/2023 , 00:50:00,0,0,0
793,30/01/2023 , 01:00:00,0,0,0
794,30/01/2023 , 01:10:00,0,0,0
795,30/01/2023 , 01:20:00,0,0,0
796,30/01/2023 , 01:30:00,0,0,0
797,30/01/2023 , 01:40:00,0,0,0
798,30/01/2023 , 01:50:00,0,0,0
799,30/01/2023 , 02:00:00,0,0,0
800,30/01/2023 , 02:10:00,0,0,0
801,30/01/2023 , 02:20:00,0,0,0
802,30/01/2023 , 02:30:00,0,0,0
803,30/01/2023 , 02:40:00,0,0,0
804,30/01/2023 , 02:50:00,0,0,0
805,30/01/2023 , 03:00:00,0,0,0
806,30/01/2023 , 03:10:00,0,0,0
807,30/01/2023 , 03:20:00,0,0,0
808,30/01/2023 , 03:30:00,0,0,0
809,30/01/2023 , 03:40:00,0,0,0
810,30/01/2023 , 03:50:00,0,0,0
811,30/01/2023 , 04:00:00,0,0,0
812,30/01/2023 , 04:10:00,0,0,0
813,30/01/2023 , 04:20:00,0,0,0
814,30/01/2023 , 04:30:00,0,0,0
815,30/01/2023 , 04:40:00,0,0,0
816,30/01/2023 , 04:50:00,0,0,0
817,30/01/2023 , 05:00:00,0,0,0
818,30/01/2023 , 05:10:00,0,0,0
819,30/01/2023 , 05:20:00,0,0,0
820,30/01/2023 , 05:30:00,0,0,0
821,30/01/2023 , 05:40:00,0,0,0
822,30/01/2023 , 05:50:00,0,0,0
823,30/01/2023 , 06:00:00,0,0,0
824,30/01/2023 , 06:10:00,0,0,0
825,30/01/2023 , 06:20:00,0,0,0
826,30/01/2023 , 06:30:00,0,0,0
827,30/01/2023 , 06:40:00,0,0,0
828,30/01/2023 , 06:50:00,0,0,0
829,30/01/2023 , 07:00:00,0,0,0
830,30/01/2023 , 07:10:00,0,0,0
831,30/01/2023 , 07:20:00,0,0,0
832,30/01/2023 , 07:30:00,0,0,0
833,30/01/2023 , 07:40:00,0,0,0
834,30/01/2023 , 07:50:00,0,0,0
835,30/01/2023 , 08:00:00,0,0,0
836,30/01/2023 , 08:10:00,0,0,0
837,30/01/2023 , 08:20:00,0,0,0
838,30/01/2023 , 08:30:00,1,1,0.186219739
839,30/01/2023 , 08:40:00,12,12,2.234636872
840,30/01/2023 , 08:50:00,13,13,2.420856611
841,30/01/2023 , 09:00:00,20,20,3.724394786
842,30/01/2023 , 09:10:00,20,20,3.724394786
843,30/01/2023 , 09:20:00,14,14,2.60707635
844,30/01/2023 , 09:30:00,16,16,2.979515829
845,30/01/2023 , 09:40:00,14,14,2.60707635
846,30/01/2023 , 09:50:00,26,26,4.841713222
847,30/01/2023 , 10:00:00,35,35,6.517690875
848,30/01/2023 , 10:10:00,15,15,2.793296089
849,30/01/2023 , 10:20:00,34,34,6.331471136
850,30/01/2023 , 10:30:00,48,48,8.938547486
851,30/01/2023 , 10:40:00,40,40,7.448789572
852,30/01/2023 , 10:50:00,51,51,9.497206704
853,30/01/2023 , 11:00:00,55,55,10.24208566
854,30/01/2023 , 11:10:00,53,53,9.869646182
855,30/01/2023 , 11:20:00,52,52,9.683426443
856,30/01/2023 , 11:30:00,52,52,9.683426443
857,30/01/2023 , 11:40:00,51,51,9.497206704
858,30/01/2023 , 11:50:00,51,51,9.497206704
859,30/01/2023 , 12:00:00,34,34,6.331471136
860,30/01/2023 , 12:10:00,46,46,8.566108007
861,30/01/2023 , 12:20:00,34,34,6.331471136
862,30/01/2023 , 12:30:00,65,65,12.10428305
863,30/01/2023 , 12:40:00,62,62,11.54562384
864,30/01/2023 , 12:50:00,71,71,13.22160149
865,30/01/2023 , 13:00:00,84,84,15.6424581
866,30/01/2023 , 13:10:00,76,76,14.15270019
867,30/01/2023 , 13:20:00,63,63,11.73184358
868,30/01/2023 , 13:30:00,57,57,10.61452514
869,30/01/2023 , 13:40:00,73,73,13.59404097
870,30/01/2023 , 13:50:00,60,60,11.17318436
871,30/01/2023 , 14:00:00,49,49,9.124767225
872,30/01/2023 , 14:10:00,43,43,8.00744879
873,30/01/2023 , 14:20:00,26,26,4.841713222
874,30/01/2023 , 14:30:00,24,24,4.469273743
875,30/01/2023 , 14:40:00,20,20,3.724394786
876,30/01/2023 , 14:50:00,33,33,6.145251397
877,30/01/2023 , 15:00:00,42,42,7.82122905
878,30/01/2023 , 15:10:00,51,51,9.497206704
879,30/01/2023 , 15:20:00,35,35,6.517690875
880,30/01/2023 , 15:30:00,154,154,28.67783985
881,30/01/2023 , 15:40:00,250,250,46.55493482
882,30/01/2023 , 15:50:00,78,78,14.52513966
883,30/01/2023 , 16:00:00,56,56,10.4283054
884,30/01/2023 , 16:10:00,121,121,22.53258845
885,30/01/2023 , 16:20:00,204,204,37.98882682
886,30/01/2023 , 16:30:00,149,149,27.74674115
887,30/01/2023 , 16:40:00,145,145,27.0018622
888,30/01/2023 , 16:50:00,137,137,25.51210428
889,30/01/2023 , 17:00:00,127,127,23.64990689
890,30/01/2023 , 17:10:00,122,122,22.71880819
891,30/01/2023 , 17:20:00,35,35,6.517690875
892,30/01/2023 , 17:30:00,26,26,4.841713222
893,30/01/2023 , 17:40:00,19,19,3.538175047
894,30/01/2023 , 17:50:00,22,22,4.096834264
895,30/01/2023 , 18:00:00,16,16,2.979515829
896,30/01/2023 , 18:10:00,8,8,1.489757914
897,30/01/2023 , 18:20:00,1,1,0.186219739
898,30/01/2023 , 18:30:00,0,0,0
899,30/01/2023 , 18:40:00,0,0,0
900,30/01/2023 , 18:50:00,0,0,0
901,30/01/2023 , 19:00:00,0,0,0
902,30/01/2023 , 19:10:00,0,0,0
903,30/01/2023 , 19:20:00,0,0,0
904,30/01/2023 , 19:30:00,0,0,0
905,30/01/2023 , 19:40:00,0,0,0
906,30/01/2023 , 19:50:00,0,0,0
907,30/01/2023 , 20:00:00,0,0,0
908,30/01/2023 , 20:10:00,0,0,0
909,30/01/2023 , 20:20:00,0,0,0
910,30/01/2023 , 20:30:00,0,0,0
911,30/01/2023 , 20:40:00,0,0,0
912,30/01/2023 , 20:50:00,0,0,0
913,30/01/2023 , 21:00:00,0,0,0
914,30/01/2023 , 21:10:00,0,0,0
915,30/01/2023 , 21:20:00,0,0,0
916,30/01/2023 , 21:30:00,0,0,0
917,30/01/2023 , 21:40:00,0,0,0
918,30/01/2023 , 21:50:00,0,0,0
919,30/01/2023 , 22:00:00,0,0,0
920,30/01/2023 , 22:10:00,0,0,0
921,30/01/2023 , 22:20:00,0,0,0
922,30/01/2023 , 22:30:00,0,0,0
923,30/01/2023 , 22:40:00,0,0,0
924,30/01/2023 , 22:50:00,0,0,0
925,30/01/2023 , 23:00:00,0,0,0
926,30/01/2023 , 23:10:00,0,0,0
927,30/01/2023 , 23:20:00,0,0,0
928,30/01/2023 , 23:30:00,0,0,0
929,30/01/2023 , 23:40:00,0,0,0
930,30/01/2023 , 23:50:00,0,0,0
931,30/01/2023 , 24:00:00,0,0,0
932,31/01/2023 , 00:10:00,0,0,0
933,31/01/2023 , 00:20:00,0,0,0
934,31/01/2023 , 00:30:00,0,0,0
935,31/01/2023 , 00:40:00,0,0,0
936,31/01/2023 , 00:50:00,0,0,0
937,31/01/2023 , 01:00:00,0,0,0
938,31/01/2023 , 01:10:00,0,0,0
939,31/01/2023 , 01:20:00,0,0,0
940,31/01/2023 , 01:30:00,0,0,0
941,31/01/2023 , 01:40:00,0,0,0
942,31/01/2023 , 01:50:00,0,0,0
943,31/01/2023 , 02:00:00,0,0,0
944,31/01/2023 , 02:10:00,0,0,0
945,31/01/2023 , 02:20:00,0,0,0
946,31/01/2023 , 02:30:00,0,0,0
947,31/01/2023 , 02:40:00,0,0,0
948,31/01/2023 , 02:50:00,0,0,0
949,31/01/2023 , 03:00:00,0,0,0
950,31/01/2023 , 03:10:00,0,0,0
951,31/01/2023 , 03:20:00,0,0,0
952,31/01/2023 , 03:30:00,0,0,0
953,31/01/2023 , 03:40:00,0,0,0
954,31/01/2023 , 03:50:00,0,0,0
955,31/01/2023 , 04:00:00,0,0,0
956,31/01/2023 , 04:10:00,0,0,0
957,31/01/2023 , 04:20:00,0,0,0
958,31/01/2023 , 04:30:00,0,0,0
959,31/01/2023 , 04:40:00,0,0,0
960,31/01/2023 , 04:50:00,0,0,0
961,31/01/2023 , 05:00:00,0,0,0
962,31/01/2023 , 05:10:00,0,0,0
963,31/01/2023 , 05:20:00,0,0,0
964,31/01/2023 , 05:30:00,0,0,0
965,31/01/2023 , 05:40:00,0,0,0
966,31/01/2023 , 05:50:00,0,0,0
967,31/01/2023 , 06:00:00,0,0,0
968,31/01/2023 , 06:10:00,0,0,0
969,31/01/2023 , 06:20:00,0,0,0
970,31/01/2023 , 06:30:00,0,0,0
971,31/01/2023 , 06:40:00,0,0,0
972,31/01/2023 , 06:50:00,0,0,0
973,31/01/2023 , 07:00:00,0,0,0
974,31/01/2023 , 07:10:00,0,0,0
975,31/01/2023 , 07:20:00,0,0,0
976,31/01/2023 , 07:30:00,0,0,0
977,31/01/2023 , 07:40:00,0,0,0
978,31/01/2023 , 07:50:00,0,0,0
979,31/01/2023 , 08:00:00,7,7,1.303538175
980,31/01/2023 , 08:10:00,29,29,5.400372439
981,31/01/2023 , 08:20:00,10,10,1.862197393
982,31/01/2023 , 08:30:00,3,3,0.558659218
983,31/01/2023 , 08:40:00,1,1,0.186219739
984,31/01/2023 , 08:50:00,11,11,2.048417132
985,31/01/2023 , 09:00:00,26,26,4.841713222
986,31/01/2023 , 09:10:00,26,26,4.841713222
987,31/01/2023 , 09:20:00,33,33,6.145251397
988,31/01/2023 , 09:30:00,24,24,4.469273743
989,31/01/2023 , 09:40:00,10,10,1.862197393
990,31/01/2023 , 09:50:00,18,18,3.351955307
991,31/01/2023 , 10:00:00,22,22,4.096834264
992,31/01/2023 , 10:10:00,42,42,7.82122905
993,31/01/2023 , 10:20:00,44,44,8.193668529
994,31/01/2023 , 10:30:00,25,25,4.655493482
995,31/01/2023 , 10:40:00,40,40,7.448789572
996,31/01/2023 , 10:50:00,51,51,9.497206704
997,31/01/2023 , 11:00:00,59,59,10.98696462
998,31/01/2023 , 11:10:00,57,57,10.61452514
999,31/01/2023 , 11:20:00,50,50,9.310986965
1000,31/01/2023 , 11:30:00,43,43,8.00744879
1001,31/01/2023 , 11:40:00,51,51,9.497206704
1002,31/01/2023 , 11:50:00,46,46,8.566108007
1003,31/01/2023 , 12:00:00,51,51,9.497206704
1004,31/01/2023 , 12:10:00,61,61,11.3594041
1005,31/01/2023 , 12:20:00,61,61,11.3594041
1006,31/01/2023 , 12:30:00,83,83,15.45623836
1007,31/01/2023 , 12:40:00,68,68,12.66294227
1008,31/01/2023 , 12:50:00,66,66,12.29050279
1009,31/01/2023 , 13:00:00,64,64,11.91806331
1010,31/01/2023 , 13:10:00,57,57,10.61452514
1011,31/01/2023 , 13:20:00,52,52,9.683426443
1012,31/01/2023 , 13:30:00,42,42,7.82122905
1013,31/01/2023 , 13:40:00,44,44,8.193668529
1014,31/01/2023 , 13:50:00,64,64,11.91806331
1015,31/01/2023 , 14:00:00,52,52,9.683426443
1016,31/01/2023 , 14:10:00,42,42,7.82122905
1017,31/01/2023 , 14:20:00,45,45,8.379888268
1018,31/01/2023 , 14:30:00,44,44,8.193668529
1019,31/01/2023 , 14:40:00,34,34,6.331471136
1020,31/01/2023 , 14:50:00,48,48,8.938547486
1021,31/01/2023 , 15:00:00,141,141,26.25698324
1022,31/01/2023 , 15:10:00,216,216,40.22346369
1023,31/01/2023 , 15:20:00,57,57,10.61452514
1024,31/01/2023 , 15:30:00,44,44,8.193668529
1025,31/01/2023 , 15:40:00,42,42,7.82122905
1026,31/01/2023 , 15:50:00,57,57,10.61452514
1027,31/01/2023 , 16:00:00,59,59,10.98696462
1028,31/01/2023 , 16:10:00,109,109,20.29795158
1029,31/01/2023 , 16:20:00,80,80,14.89757914
1030,31/01/2023 , 16:30:00,77,77,14.33891993
1031,31/01/2023 , 16:40:00,63,63,11.73184358
1032,31/01/2023 , 16:50:00,54,54,10.05586592
1033,31/01/2023 , 17:00:00,48,48,8.938547486
1034,31/01/2023 , 17:10:00,42,42,7.82122905
1035,31/01/2023 , 17:20:00,32,32,5.959031657
1036,31/01/2023 , 17:30:00,28,28,5.2141527
1037,31/01/2023 , 17:40:00,23,23,4.283054004
1038,31/01/2023 , 17:50:00,15,15,2.793296089
1039,31/01/2023 , 18:00:00,13,13,2.420856611
1040,31/01/2023 , 18:10:00,6,6,1.117318436
1041,31/01/2023 , 18:20:00,1,1,0.186219739
1042,31/01/2023 , 18:30:00,0,0,0
1043,31/01/2023 , 18:40:00,0,0,0
1044,31/01/2023 , 18:50:00,0,0,0
1045,31/01/2023 , 19:00:00,0,0,0
1046,31/01/2023 , 19:10:00,0,0,0
1047,31/01/2023 , 19:20:00,0,0,0
1048,31/01/2023 , 19:30:00,0,0,0
1049,31/01/2023 , 19:40:00,0,0,0
1050,31/01/2023 , 19:50:00,0,0,0
1051,31/01/2023 , 20:00:00,0,0,0
1052,31/01/2023 , 20:10:00,0,0,0
1053,31/01/2023 , 20:20:00,0,0,0
1054,31/01/2023 , 20:30:00,0,0,0
1055,31/01/2023 , 20:40:00,0,0,0
1056,31/01/2023 , 20:50:00,0,0,0
1057,31/01/2023 , 21:00:00,0,0,0
1058,31/01/2023 , 21:10:00,0,0,0
1059,31/01/2023 , 21:20:00,0,0,0
1060,31/01/2023 , 21:30:00,0,0,0
1061,31/01/2023 , 21:40:00,0,0,0
1062,31/01/2023 , 21:50:00,0,0,0
1063,31/01/2023 , 22:00:00,0,0,0
1064,31/01/2023 , 22:10:00,0,0,0
1065,31/01/2023 , 22:20:00,0,0,0
1066,31/01/2023 , 22:30:00,0,0,0
1067,31/01/2023 , 22:40:00,0,0,0
1068,31/01/2023 , 22:50:00,0,0,0
1069,31/01/2023 , 23:00:00,0,0,0
1070,31/01/2023 , 23:10:00,0,0,0
1071,31/01/2023 , 23:20:00,0,0,0
1072,31/01/2023 , 23:30:00,0,0,0
1073,31/01/2023 , 23:40:00,0,0,0
1074,31/01/2023 , 23:50:00,0,0,0
1075,31/01/2023 , 24:00:00,0,0,0
1076,1/2/23, 00:10:00,0,0,0
1077,1/2/23, 00:20:00,0,0,0
1078,1/2/23, 00:30:00,0,0,0
1079,1/2/23, 00:40:00,0,0,0
1080,1/2/23, 00:50:00,0,0,0
1081,1/2/23, 01:00:00,0,0,0
1082,1/2/23, 01:10:00,0,0,0
1083,1/2/23, 01:20:00,0,0,0
1084,1/2/23, 01:30:00,0,0,0
1085,1/2/23, 01:40:00,0,0,0
1086,1/2/23, 01:50:00,0,0,0
1087,1/2/23, 02:00:00,0,0,0
1088,1/2/23, 02:10:00,0,0,0
1089,1/2/23, 02:20:00,0,0,0
1090,1/2/23, 02:30:00,0,0,0
1091,1/2/23, 02:40:00,0,0,0
1092,1/2/23, 02:50:00,0,0,0
1093,1/2/23, 03:00:00,0,0,0
1094,1/2/23, 03:10:00,0,0,0
1095,1/2/23, 03:20:00,0,0,0
1096,1/2/23, 03:30:00,0,0,0
1097,1/2/23, 03:40:00,0,0,0
1098,1/2/23, 03:50:00,0,0,0
1099,1/2/23, 04:00:00,0,0,0
1100,1/2/23, 04:10:00,0,0,0
1101,1/2/23, 04:20:00,0,0,0
1102,1/2/23, 04:30:00,0,0,0
1103,1/2/23, 04:40:00,0,0,0
1104,1/2/23, 04:50:00,0,0,0
1105,1/2/23, 05:00:00,0,0,0
1106,1/2/23, 05:10:00,0,0,0
1107,1/2/23, 05:20:00,0,0,0
1108,1/2/23, 05:30:00,0,0,0
1109,1/2/23, 05:40:00,0,0,0
1110,1/2/23, 05:50:00,0,0,0
1111,1/2/23, 06:00:00,0,0,0
1112,1/2/23, 06:10:00,0,0,0
1113,1/2/23, 06:20:00,0,0,0
1114,1/2/23, 06:30:00,0,0,0
1115,1/2/23, 06:40:00,0,0,0
1116,1/2/23, 06:50:00,0,0,0
1117,1/2/23, 07:00:00,0,0,0
1118,1/2/23, 07:10:00,0,0,0
1119,1/2/23, 07:20:00,0,0,0
1120,1/2/23, 07:30:00,0,0,0
1121,1/2/23, 07:40:00,0,0,0
1122,1/2/23, 07:50:00,5,5,0.931098696
1123,1/2/23, 08:00:00,8,8,1.489757914
1124,1/2/23, 08:10:00,9,9,1.675977654
1125,1/2/23, 08:20:00,12,12,2.234636872
1126,1/2/23, 08:30:00,14,14,2.60707635
1127,1/2/23, 08:40:00,14,14,2.60707635
1128,1/2/23, 08:50:00,16,16,2.979515829
1129,1/2/23, 09:00:00,15,15,2.793296089
1130,1/2/23, 09:10:00,15,15,2.793296089
1131,1/2/23, 09:20:00,18,18,3.351955307
1132,1/2/23, 09:30:00,23,23,4.283054004
1133,1/2/23, 09:40:00,35,35,6.517690875
1134,1/2/23, 09:50:00,37,37,6.890130354
1135,1/2/23, 10:00:00,29,29,5.400372439
1136,1/2/23, 10:10:00,24,24,4.469273743
1137,1/2/23, 10:20:00,27,27,5.027932961
1138,1/2/23, 10:30:00,23,23,4.283054004
1139,1/2/23, 10:40:00,23,23,4.283054004
1140,1/2/23, 10:50:00,21,21,3.910614525
1141,1/2/23, 11:00:00,23,23,4.283054004
1142,1/2/23, 11:10:00,30,30,5.586592179
1143,1/2/23, 11:20:00,34,34,6.331471136
1144,1/2/23, 11:30:00,41,41,7.635009311
1145,1/2/23, 11:40:00,49,49,9.124767225
1146,1/2/23, 11:50:00,56,56,10.4283054
1147,1/2/23, 12:00:00,58,58,10.80074488
1148,1/2/23, 12:10:00,63,63,11.73184358
1149,1/2/23, 12:20:00,62,62,11.54562384
1150,1/2/23, 12:30:00,60,60,11.17318436
1151,1/2/23, 12:40:00,55,55,10.24208566
1152,1/2/23, 12:50:00,56,56,10.4283054
1153,1/2/23, 13:00:00,63,63,11.73184358
1154,1/2/23, 13:10:00,62,62,11.54562384
1155,1/2/23, 13:20:00,63,63,11.73184358
1156,1/2/23, 13:30:00,60,60,11.17318436
1157,1/2/23, 13:40:00,63,63,11.73184358
1158,1/2/23, 13:50:00,65,65,12.10428305
1159,1/2/23, 14:00:00,64,64,11.91806331
1160,1/2/23, 14:10:00,66,66,12.29050279
1161,1/2/23, 14:20:00,65,65,12.10428305
1162,1/2/23, 14:30:00,61,61,11.3594041
1163,1/2/23, 14:40:00,62,62,11.54562384
1164,1/2/23, 14:50:00,63,63,11.73184358
1165,1/2/23, 15:00:00,65,65,12.10428305
1166,1/2/23, 15:10:00,159,159,29.60893855
1167,1/2/23, 15:20:00,276,276,51.39664804
1168,1/2/23, 15:30:00,65,65,12.10428305
1169,1/2/23, 15:40:00,38,38,7.076350093
1170,1/2/23, 15:50:00,47,47,8.752327747
1171,1/2/23, 16:00:00,126,126,23.46368715
1172,1/2/23, 16:10:00,115,115,21.41527002
1173,1/2/23, 16:20:00,96,96,17.87709497
1174,1/2/23, 16:30:00,105,105,19.55307263
1175,1/2/23, 16:40:00,92,92,17.13221601
1176,1/2/23, 16:50:00,81,81,15.08379888
1177,1/2/23, 17:00:00,74,74,13.78026071
1178,1/2/23, 17:10:00,61,61,11.3594041
1179,1/2/23, 17:20:00,47,47,8.752327747
1180,1/2/23, 17:30:00,34,34,6.331471136
1181,1/2/23, 17:40:00,28,28,5.2141527
1182,1/2/23, 17:50:00,21,21,3.910614525
1183,1/2/23, 18:00:00,14,14,2.60707635
1184,1/2/23, 18:10:00,7,7,1.303538175
1185,1/2/23, 18:20:00,0,0,0
1186,1/2/23, 18:30:00,0,0,0
1187,1/2/23, 18:40:00,0,0,0
1188,1/2/23, 18:50:00,0,0,0
1189,1/2/23, 19:00:00,0,0,0
1190,1/2/23, 19:10:00,0,0,0
1191,1/2/23, 19:20:00,0,0,0
1192,1/2/23, 19:30:00,0,0,0
1193,1/2/23, 19:40:00,0,0,0
1194,1/2/23, 19:50:00,0,0,0
1195,1/2/23, 20:00:00,0,0,0
1196,1/2/23, 20:10:00,0,0,0
1197,1/2/23, 20:20:00,0,0,0
1198,1/2/23, 20:30:00,0,0,0
1199,1/2/23, 20:40:00,0,0,0
1200,1/2/23, 20:50:00,0,0,0
1201,1/2/23, 21:00:00,0,0,0
1202,1/2/23, 21:10:00,0,0,0
1203,1/2/23, 21:20:00,0,0,0
1204,1/2/23, 21:30:00,0,0,0
1205,1/2/23, 21:40:00,0,0,0
1206,1/2/23, 21:50:00,0,0,0
1207,1/2/23, 22:00:00,0,0,0
1208,1/2/23, 22:10:00,0,0,0
1209,1/2/23, 22:20:00,0,0,0
1210,1/2/23, 22:30:00,0,0,0
1211,1/2/23, 22:40:00,0,0,0
1212,1/2/23, 22:50:00,0,0,0
1213,1/2/23, 23:00:00,0,0,0
1214,1/2/23, 23:10:00,0,0,0
1215,1/2/23, 23:20:00,0,0,0
1216,1/2/23, 23:30:00,0,0,0
1217,1/2/23, 23:40:00,0,0,0
1218,1/2/23, 23:50:00,0,0,0
1219,1/2/23, 24:00:00,0,0,0
1220,2/2/23, 00:10:00,0,0,0
1221,2/2/23, 00:20:00,0,0,0
1222,2/2/23, 00:30:00,0,0,0
1223,2/2/23, 00:40:00,0,0,0
1224,2/2/23, 00:50:00,0,0,0
1225,2/2/23, 01:00:00,0,0,0
1226,2/2/23, 01:10:00,0,0,0
1227,2/2/23, 01:20:00,0,0,0
1228,2/2/23, 01:30:00,0,0,0
1229,2/2/23, 01:40:00,0,0,0
1230,2/2/23, 01:50:00,0,0,0
1231,2/2/23, 02:00:00,0,0,0
1232,2/2/23, 02:10:00,0,0,0
1233,2/2/23, 02:20:00,0,0,0
1234,2/2/23, 02:30:00,0,0,0
1235,2/2/23, 02:40:00,0,0,0
1236,2/2/23, 02:50:00,0,0,0
1237,2/2/23, 03:00:00,0,0,0
1238,2/2/23, 03:10:00,0,0,0
1239,2/2/23, 03:20:00,0,0,0
1240,2/2/23, 03:30:00,0,0,0
1241,2/2/23, 03:40:00,0,0,0
1242,2/2/23, 03:50:00,0,0,0
1243,2/2/23, 04:00:00,0,0,0
1244,2/2/23, 04:10:00,0,0,0
1245,2/2/23, 04:20:00,0,0,0
1246,2/2/23, 04:30:00,0,0,0
1247,2/2/23, 04:40:00,0,0,0
1248,2/2/23, 04:50:00,0,0,0
1249,2/2/23, 05:00:00,0,0,0
1250,2/2/23, 05:10:00,0,0,0
1251,2/2/23, 05:20:00,0,0,0
1252,2/2/23, 05:30:00,0,0,0
1253,2/2/23, 05:40:00,0,0,0
1254,2/2/23, 05:50:00,0,0,0
1255,2/2/23, 06:00:00,0,0,0
1256,2/2/23, 06:10:00,0,0,0
1257,2/2/23, 06:20:00,0,0,0
1258,2/2/23, 06:30:00,0,0,0
1259,2/2/23, 06:40:00,0,0,0
1260,2/2/23, 06:50:00,0,0,0
1261,2/2/23, 07:00:00,0,0,0
1262,2/2/23, 07:10:00,0,0,0
1263,2/2/23, 07:20:00,0,0,0
1264,2/2/23, 07:30:00,0,0,0
1265,2/2/23, 07:40:00,1,1,0.186219739
1266,2/2/23, 07:50:00,3,3,0.558659218
1267,2/2/23, 08:00:00,2,2,0.372439479
1268,2/2/23, 08:10:00,2,2,0.372439479
1269,2/2/23, 08:20:00,3,3,0.558659218
1270,2/2/23, 08:30:00,5,5,0.931098696
1271,2/2/23, 08:40:00,9,9,1.675977654
1272,2/2/23, 08:50:00,9,9,1.675977654
1273,2/2/23, 09:00:00,27,27,5.027932961
1274,2/2/23, 09:10:00,38,38,7.076350093
1275,2/2/23, 09:20:00,33,33,6.145251397
1276,2/2/23, 09:30:00,29,29,5.400372439
1277,2/2/23, 09:40:00,43,43,8.00744879
1278,2/2/23, 09:50:00,53,53,9.869646182
1279,2/2/23, 10:00:00,45,45,8.379888268
1280,2/2/23, 10:10:00,44,44,8.193668529
1281,2/2/23, 10:20:00,31,31,5.772811918
1282,2/2/23, 10:30:00,45,45,8.379888268
1283,2/2/23, 10:40:00,53,53,9.869646182
1284,2/2/23, 10:50:00,62,62,11.54562384
1285,2/2/23, 11:00:00,63,63,11.73184358
1286,2/2/23, 11:10:00,49,49,9.124767225
1287,2/2/23, 11:20:00,89,89,16.5735568
1288,2/2/23, 11:30:00,52,52,9.683426443
1289,2/2/23, 11:40:00,37,37,6.890130354
1290,2/2/23, 11:50:00,33,33,6.145251397
1291,2/2/23, 12:00:00,34,34,6.331471136
1292,2/2/23, 12:10:00,32,32,5.959031657
1293,2/2/23, 12:20:00,29,29,5.400372439
1294,2/2/23, 12:30:00,38,38,7.076350093
1295,2/2/23, 12:40:00,48,48,8.938547486
1296,2/2/23, 12:50:00,44,44,8.193668529
1297,2/2/23, 13:00:00,45,45,8.379888268
1298,2/2/23, 13:10:00,30,30,5.586592179
1299,2/2/23, 13:20:00,36,36,6.703910615
1300,2/2/23, 13:30:00,33,33,6.145251397
1301,2/2/23, 13:40:00,33,33,6.145251397
1302,2/2/23, 13:50:00,37,37,6.890130354
1303,2/2/23, 14:00:00,50,50,9.310986965
1304,2/2/23, 14:10:00,75,75,13.96648045
1305,2/2/23, 14:20:00,71,71,13.22160149
1306,2/2/23, 14:30:00,77,77,14.33891993
1307,2/2/23, 14:40:00,60,60,11.17318436
1308,2/2/23, 14:50:00,35,35,6.517690875
1309,2/2/23, 15:00:00,28,28,5.2141527
1310,2/2/23, 15:10:00,40,40,7.448789572
1311,2/2/23, 15:20:00,89,89,16.5735568
1312,2/2/23, 15:30:00,181,181,33.70577281
1313,2/2/23, 15:40:00,31,31,5.772811918
1314,2/2/23, 15:50:00,23,23,4.283054004
1315,2/2/23, 16:00:00,70,70,13.03538175
1316,2/2/23, 16:10:00,194,194,36.12662942
1317,2/2/23, 16:20:00,196,196,36.4990689
1318,2/2/23, 16:30:00,117,117,21.7877095
1319,2/2/23, 16:40:00,75,75,13.96648045
1320,2/2/23, 16:50:00,79,79,14.7113594
1321,2/2/23, 17:00:00,86,86,16.01489758
1322,2/2/23, 17:10:00,52,52,9.683426443
1323,2/2/23, 17:20:00,45,45,8.379888268
1324,2/2/23, 17:30:00,28,28,5.2141527
1325,2/2/23, 17:40:00,20,20,3.724394786
1326,2/2/23, 17:50:00,16,16,2.979515829
1327,2/2/23, 18:00:00,13,13,2.420856611
1328,2/2/23, 18:10:00,7,7,1.303538175
1329,2/2/23, 18:20:00,1,1,0.186219739
1330,2/2/23, 18:30:00,0,0,0
1331,2/2/23, 18:40:00,0,0,0
1332,2/2/23, 18:50:00,0,0,0
1333,2/2/23, 19:00:00,0,0,0
1334,2/2/23, 19:10:00,0,0,0
1335,2/2/23, 19:20:00,0,0,0
1336,2/2/23, 19:30:00,0,0,0
1337,2/2/23, 19:40:00,0,0,0
1338,2/2/23, 19:50:00,0,0,0
1339,2/2/23, 20:00:00,0,0,0
1340,2/2/23, 20:10:00,0,0,0
1341,2/2/23, 20:20:00,0,0,0
1342,2/2/23, 20:30:00,0,0,0
1343,2/2/23, 20:40:00,0,0,0
1344,2/2/23, 20:50:00,0,0,0
1345,2/2/23, 21:00:00,0,0,0
1346,2/2/23, 21:10:00,0,0,0
1347,2/2/23, 21:20:00,0,0,0
1348,2/2/23, 21:30:00,0,0,0
1349,2/2/23, 21:40:00,0,0,0
1350,2/2/23, 21:50:00,0,0,0
1351,2/2/23, 22:00:00,0,0,0
1352,2/2/23, 22:10:00,0,0,0
1353,2/2/23, 22:20:00,0,0,0
1354,2/2/23, 22:30:00,0,0,0
1355,2/2/23, 22:40:00,0,0,0
1356,2/2/23, 22:50:00,0,0,0
1357,2/2/23, 23:00:00,0,0,0
1358,2/2/23, 23:10:00,0,0,0
1359,2/2/23, 23:20:00,0,0,0
1360,2/2/23, 23:30:00,0,0,0
1361,2/2/23, 23:40:00,0,0,0
1362,2/2/23, 23:50:00,0,0,0
1363,2/2/23, 24:00:00,0,0,0
1364,3/2/23, 00:10:00,0,0,0
1365,3/2/23, 00:20:00,0,0,0
1366,3/2/23, 00:30:00,0,0,0
1367,3/2/23, 00:40:00,0,0,0
1368,3/2/23, 00:50:00,0,0,0
1369,3/2/23, 01:00:00,0,0,0
1370,3/2/23, 01:10:00,0,0,0
1371,3/2/23, 01:20:00,0,0,0
1372,3/2/23, 01:30:00,0,0,0
1373,3/2/23, 01:40:00,0,0,0
1374,3/2/23, 01:50:00,0,0,0
1375,3/2/23, 02:00:00,0,0,0
1376,3/2/23, 02:10:00,0,0,0
1377,3/2/23, 02:20:00,0,0,0
1378,3/2/23, 02:30:00,0,0,0
1379,3/2/23, 02:40:00,0,0,0
1380,3/2/23, 02:50:00,0,0,0
1381,3/2/23, 03:00:00,0,0,0
1382,3/2/23, 03:10:00,0,0,0
1383,3/2/23, 03:20:00,0,0,0
1384,3/2/23, 03:30:00,0,0,0
1385,3/2/23, 03:40:00,0,0,0
1386,3/2/23, 03:50:00,0,0,0
1387,3/2/23, 04:00:00,0,0,0
1388,3/2/23, 04:10:00,0,0,0
1389,3/2/23, 04:20:00,0,0,0
1390,3/2/23, 04:30:00,0,0,0
1391,3/2/23, 04:40:00,0,0,0
1392,3/2/23, 04:50:00,0,0,0
1393,3/2/23, 05:00:00,0,0,0
1394,3/2/23, 05:10:00,0,0,0
1395,3/2/23, 05:20:00,0,0,0
1396,3/2/23, 05:30:00,0,0,0
1397,3/2/23, 05:40:00,0,0,0
1398,3/2/23, 05:50:00,0,0,0
1399,3/2/23, 06:00:00,0,0,0
1400,3/2/23, 06:10:00,0,0,0
1401,3/2/23, 06:20:00,0,0,0
1402,3/2/23, 06:30:00,0,0,0
1403,3/2/23, 06:40:00,0,0,0
1404,3/2/23, 06:50:00,0,0,0
1405,3/2/23, 07:00:00,0,0,0
1406,3/2/23, 07:10:00,0,0,0
1407,3/2/23, 07:20:00,0,0,0
1408,3/2/23, 07:30:00,0,0,0
1409,3/2/23, 07:40:00,0,0,0
1410,3/2/23, 07:50:00,0,0,0
1411,3/2/23, 08:00:00,0,0,0
1412,3/2/23, 08:10:00,1,1,0.186219739
1413,3/2/23, 08:20:00,8,8,1.489757914
1414,3/2/23, 08:30:00,20,20,3.724394786
1415,3/2/23, 08:40:00,18,18,3.351955307
1416,3/2/23, 08:50:00,19,19,3.538175047
1417,3/2/23, 09:00:00,17,17,3.165735568
1418,3/2/23, 09:10:00,17,17,3.165735568
1419,3/2/23, 09:20:00,32,32,5.959031657
1420,3/2/23, 09:30:00,24,24,4.469273743
1421,3/2/23, 09:40:00,13,13,2.420856611
1422,3/2/23, 09:50:00,28,28,5.2141527
1423,3/2/23, 10:00:00,37,37,6.890130354
1424,3/2/23, 10:10:00,32,32,5.959031657
1425,3/2/23, 10:20:00,51,51,9.497206704
1426,3/2/23, 10:30:00,61,61,11.3594041
1427,3/2/23, 10:40:00,61,61,11.3594041
1428,3/2/23, 10:50:00,72,72,13.40782123
1429,3/2/23, 11:00:00,70,70,13.03538175
1430,3/2/23, 11:10:00,72,72,13.40782123
1431,3/2/23, 11:20:00,61,61,11.3594041
1432,3/2/23, 11:30:00,74,74,13.78026071
1433,3/2/23, 11:40:00,73,73,13.59404097
1434,3/2/23, 11:50:00,46,46,8.566108007
1435,3/2/23, 12:00:00,59,59,10.98696462
1436,3/2/23, 12:10:00,71,71,13.22160149
1437,3/2/23, 12:20:00,45,45,8.379888268
1438,3/2/23, 12:30:00,72,72,13.40782123
1439,3/2/23, 12:40:00,62,62,11.54562384
1440,3/2/23, 12:50:00,85,85,15.82867784
1441,3/2/23, 13:00:00,88,88,16.38733706
1442,3/2/23, 13:10:00,61,61,11.3594041
1443,3/2/23, 13:20:00,86,86,16.01489758
1444,3/2/23, 13:30:00,118,118,21.97392924
1445,3/2/23, 13:40:00,94,94,17.50465549
1446,3/2/23, 13:50:00,96,96,17.87709497
1447,3/2/23, 14:00:00,84,84,15.6424581
1448,3/2/23, 14:10:00,52,52,9.683426443
1449,3/2/23, 14:20:00,52,52,9.683426443
1450,3/2/23, 14:30:00,70,70,13.03538175
1451,3/2/23, 14:40:00,59,59,10.98696462
1452,3/2/23, 14:50:00,80,80,14.89757914
1453,3/2/23, 15:00:00,64,64,11.91806331
1454,3/2/23, 15:10:00,32,32,5.959031657
1455,3/2/23, 15:20:00,76,76,14.15270019
1456,3/2/23, 15:30:00,87,87,16.20111732
1457,3/2/23, 15:40:00,50,50,9.310986965
1458,3/2/23, 15:50:00,19,19,3.538175047
1459,3/2/23, 16:00:00,26,26,4.841713222
1460,3/2/23, 16:10:00,154,154,28.67783985
1461,3/2/23, 16:20:00,132,132,24.58100559
1462,3/2/23, 16:30:00,78,78,14.52513966
1463,3/2/23, 16:40:00,132,132,24.58100559
1464,3/2/23, 16:50:00,138,138,25.69832402
1465,3/2/23, 17:00:00,82,82,15.27001862
1466,3/2/23, 17:10:00,73,73,13.59404097
1467,3/2/23, 17:20:00,77,77,14.33891993
1468,3/2/23, 17:30:00,59,59,10.98696462
1469,3/2/23, 17:40:00,50,50,9.310986965
1470,3/2/23, 17:50:00,36,36,6.703910615
1471,3/2/23, 18:00:00,20,20,3.724394786
1472,3/2/23, 18:10:00,9,9,1.675977654
1473,3/2/23, 18:20:00,1,1,0.186219739
1474,3/2/23, 18:30:00,0,0,0
1475,3/2/23, 18:40:00,0,0,0
1476,3/2/23, 18:50:00,0,0,0
1477,3/2/23, 19:00:00,0,0,0
1478,3/2/23, 19:10:00,0,0,0
1479,3/2/23, 19:20:00,0,0,0
1480,3/2/23, 19:30:00,0,0,0
1481,3/2/23, 19:40:00,0,0,0
1482,3/2/23, 19:50:00,0,0,0
1483,3/2/23, 20:00:00,0,0,0
1484,3/2/23, 20:10:00,0,0,0
1485,3/2/23, 20:20:00,0,0,0
1486,3/2/23, 20:30:00,0,0,0
1487,3/2/23, 20:40:00,0,0,0
1488,3/2/23, 20:50:00,0,0,0
1489,3/2/23, 21:00:00,0,0,0
1490,3/2/23, 21:10:00,0,0,0
1491,3/2/23, 21:20:00,0,0,0
1492,3/2/23, 21:30:00,0,0,0
1493,3/2/23, 21:40:00,0,0,0
1494,3/2/23, 21:50:00,0,0,0
1495,3/2/23, 22:00:00,0,0,0
1496,3/2/23, 22:10:00,0,0,0
1497,3/2/23, 22:20:00,0,0,0
1498,3/2/23, 22:30:00,0,0,0
1499,3/2/23, 22:40:00,0,0,0
1500,3/2/23, 22:50:00,0,0,0
1501,3/2/23, 23:00:00,0,0,0
1502,3/2/23, 23:10:00,0,0,0
1503,3/2/23, 23:20:00,0,0,0
1504,3/2/23, 23:30:00,0,0,0
1505,3/2/23, 23:40:00,0,0,0
1506,3/2/23, 23:50:00,0,0,0
1507,3/2/23, 24:00:00,0,0,0
1508,4/2/23, 00:10:00,0,0,0
1509,4/2/23, 00:20:00,0,0,0
1510,4/2/23, 00:30:00,0,0,0
1511,4/2/23, 00:40:00,0,0,0
1512,4/2/23, 00:50:00,0,0,0
1513,4/2/23, 01:00:00,0,0,0
1514,4/2/23, 01:10:00,0,0,0
1515,4/2/23, 01:20:00,0,0,0
1516,4/2/23, 01:30:00,0,0,0
1517,4/2/23, 01:40:00,0,0,0
1518,4/2/23, 01:50:00,0,0,0
1519,4/2/23, 02:00:00,0,0,0
1520,4/2/23, 02:10:00,0,0,0
1521,4/2/23, 02:20:00,0,0,0
1522,4/2/23, 02:30:00,0,0,0
1523,4/2/23, 02:40:00,0,0,0
1524,4/2/23, 02:50:00,0,0,0
1525,4/2/23, 03:00:00,0,0,0
1526,4/2/23, 03:10:00,0,0,0
1527,4/2/23, 03:20:00,0,0,0
1528,4/2/23, 03:30:00,0,0,0
1529,4/2/23, 03:40:00,0,0,0
1530,4/2/23, 03:50:00,0,0,0
1531,4/2/23, 04:00:00,0,0,0
1532,4/2/23, 04:10:00,0,0,0
1533,4/2/23, 04:20:00,0,0,0
1534,4/2/23, 04:30:00,0,0,0
1535,4/2/23, 04:40:00,0,0,0
1536,4/2/23, 04:50:00,0,0,0
1537,4/2/23, 05:00:00,0,0,0
1538,4/2/23, 05:10:00,0,0,0
1539,4/2/23, 05:20:00,0,0,0
1540,4/2/23, 05:30:00,0,0,0
1541,4/2/23, 05:40:00,0,0,0
1542,4/2/23, 05:50:00,0,0,0
1543,4/2/23, 06:00:00,0,0,0
1544,4/2/23, 06:10:00,0,0,0
1545,4/2/23, 06:20:00,0,0,0
1546,4/2/23, 06:30:00,0,0,0
1547,4/2/23, 06:40:00,0,0,0
1548,4/2/23, 06:50:00,0,0,0
1549,4/2/23, 07:00:00,0,0,0
1550,4/2/23, 07:10:00,0,0,0
1551,4/2/23, 07:20:00,0,0,0
1552,4/2/23, 07:30:00,0,0,0
1553,4/2/23, 07:40:00,0,0,0
1554,4/2/23, 07:50:00,0,0,0
1555,4/2/23, 08:00:00,0,0,0
1556,4/2/23, 08:10:00,0,0,0
1557,4/2/23, 08:20:00,0,0,0
1558,4/2/23, 08:30:00,0,0,0
1559,4/2/23, 08:40:00,0,0,0
1560,4/2/23, 08:50:00,0,0,0
1561,4/2/23, 09:00:00,0,0,0
1562,4/2/23, 09:10:00,0,0,0
1563,4/2/23, 09:20:00,0,0,0
1564,4/2/23, 09:30:00,0,0,0
1565,4/2/23, 09:40:00,0,0,0
1566,4/2/23, 09:50:00,0,0,0
1567,4/2/23, 10:00:00,0,0,0
1568,4/2/23, 10:10:00,0,0,0
1569,4/2/23, 10:20:00,1,1,0.186219739
1570,4/2/23, 10:30:00,3,3,0.558659218
1571,4/2/23, 10:40:00,9,9,1.675977654
1572,4/2/23, 10:50:00,12,12,2.234636872
1573,4/2/23, 11:00:00,13,13,2.420856611
1574,4/2/23, 11:10:00,15,15,2.793296089
1575,4/2/23, 11:20:00,22,22,4.096834264
1576,4/2/23, 11:30:00,22,22,4.096834264
1577,4/2/23, 11:40:00,17,17,3.165735568
1578,4/2/23, 11:50:00,17,17,3.165735568
1579,4/2/23, 12:00:00,21,21,3.910614525
1580,4/2/23, 12:10:00,35,35,6.517690875
1581,4/2/23, 12:20:00,30,30,5.586592179
1582,4/2/23, 12:30:00,17,17,3.165735568
1583,4/2/23, 12:40:00,19,19,3.538175047
1584,4/2/23, 12:50:00,42,42,7.82122905
1585,4/2/23, 13:00:00,24,24,4.469273743
1586,4/2/23, 13:10:00,23,23,4.283054004
1587,4/2/23, 13:20:00,30,30,5.586592179
1588,4/2/23, 13:30:00,30,30,5.586592179
1589,4/2/23, 13:40:00,37,37,6.890130354
1590,4/2/23, 13:50:00,28,28,5.2141527
1591,4/2/23, 14:00:00,34,34,6.331471136
1592,4/2/23, 14:10:00,43,43,8.00744879
1593,4/2/23, 14:20:00,45,45,8.379888268
1594,4/2/23, 14:30:00,31,31,5.772811918
1595,4/2/23, 14:40:00,38,38,7.076350093
1596,4/2/23, 14:50:00,44,44,8.193668529
1597,4/2/23, 15:00:00,46,46,8.566108007
1598,4/2/23, 15:10:00,47,47,8.752327747
1599,4/2/23, 15:20:00,73,73,13.59404097
1600,4/2/23, 15:30:00,144,144,26.81564246
1601,4/2/23, 15:40:00,43,43,8.00744879
1602,4/2/23, 15:50:00,51,51,9.497206704
1603,4/2/23, 16:00:00,101,101,18.80819367
1604,4/2/23, 16:10:00,169,169,31.47113594
1605,4/2/23, 16:20:00,147,147,27.37430168
1606,4/2/23, 16:30:00,128,128,23.83612663
1607,4/2/23, 16:40:00,94,94,17.50465549
1608,4/2/23, 16:50:00,87,87,16.20111732
1609,4/2/23, 17:00:00,32,32,5.959031657
1610,4/2/23, 17:10:00,26,26,4.841713222
1611,4/2/23, 17:20:00,39,39,7.262569832
1612,4/2/23, 17:30:00,39,39,7.262569832
1613,4/2/23, 17:40:00,47,47,8.752327747
1614,4/2/23, 17:50:00,25,25,4.655493482
1615,4/2/23, 18:00:00,16,16,2.979515829
1616,4/2/23, 18:10:00,8,8,1.489757914
1617,4/2/23, 18:20:00,0,0,0
1618,4/2/23, 18:30:00,0,0,0
1619,4/2/23, 18:40:00,0,0,0
1620,4/2/23, 18:50:00,0,0,0
1621,4/2/23, 19:00:00,0,0,0
1622,4/2/23, 19:10:00,0,0,0
1623,4/2/23, 19:20:00,0,0,0
1624,4/2/23, 19:30:00,0,0,0
1625,4/2/23, 19:40:00,0,0,0
1626,4/2/23, 19:50:00,0,0,0
1627,4/2/23, 20:00:00,0,0,0
1628,4/2/23, 20:10:00,0,0,0
1629,4/2/23, 20:20:00,0,0,0
1630,4/2/23, 20:30:00,0,0,0
1631,4/2/23, 20:40:00,0,0,0
1632,4/2/23, 20:50:00,0,0,0
1633,4/2/23, 21:00:00,0,0,0
1634,4/2/23, 21:10:00,0,0,0
1635,4/2/23, 21:20:00,0,0,0
1636,4/2/23, 21:30:00,0,0,0
1637,4/2/23, 21:40:00,0,0,0
1638,4/2/23, 21:50:00,0,0,0
1639,4/2/23, 22:00:00,0,0,0
1640,4/2/23, 22:10:00,0,0,0
1641,4/2/23, 22:20:00,0,0,0
1642,4/2/23, 22:30:00,0,0,0
1643,4/2/23, 22:40:00,0,0,0
1644,4/2/23, 22:50:00,0,0,0
1645,4/2/23, 23:00:00,0,0,0
1646,4/2/23, 23:10:00,0,0,0
1647,4/2/23, 23:20:00,0,0,0
1648,4/2/23, 23:30:00,0,0,0
1649,4/2/23, 23:40:00,0,0,0
1650,4/2/23, 23:50:00,0,0,0
1651,4/2/23, 24:00:00,0,0,0
1652,5/2/23, 00:10:00,0,0,0
1653,5/2/23, 00:20:00,0,0,0
1654,5/2/23, 00:30:00,0,0,0
1655,5/2/23, 00:40:00,0,0,0
1656,5/2/23, 00:50:00,0,0,0
1657,5/2/23, 01:00:00,0,0,0
1658,5/2/23, 01:10:00,0,0,0
1659,5/2/23, 01:20:00,0,0,0
1660,5/2/23, 01:30:00,0,0,0
1661,5/2/23, 01:40:00,0,0,0
1662,5/2/23, 01:50:00,0,0,0
1663,5/2/23, 02:00:00,0,0,0
1664,5/2/23, 02:10:00,0,0,0
1665,5/2/23, 02:20:00,0,0,0
1666,5/2/23, 02:30:00,0,0,0
1667,5/2/23, 02:40:00,0,0,0
1668,5/2/23, 02:50:00,0,0,0
1669,5/2/23, 03:00:00,0,0,0
1670,5/2/23, 03:10:00,0,0,0
1671,5/2/23, 03:20:00,0,0,0
1672,5/2/23, 03:30:00,0,0,0
1673,5/2/23, 03:40:00,0,0,0
1674,5/2/23, 03:50:00,0,0,0
1675,5/2/23, 04:00:00,0,0,0
1676,5/2/23, 04:10:00,0,0,0
1677,5/2/23, 04:20:00,0,0,0
1678,5/2/23, 04:30:00,0,0,0
1679,5/2/23, 04:40:00,0,0,0
1680,5/2/23, 04:50:00,0,0,0
1681,5/2/23, 05:00:00,0,0,0
1682,5/2/23, 05:10:00,0,0,0
1683,5/2/23, 05:20:00,0,0,0
1684,5/2/23, 05:30:00,0,0,0
1685,5/2/23, 05:40:00,0,0,0
1686,5/2/23, 05:50:00,0,0,0
1687,5/2/23, 06:00:00,0,0,0
1688,5/2/23, 06:10:00,0,0,0
1689,5/2/23, 06:20:00,0,0,0
1690,5/2/23, 06:30:00,0,0,0
1691,5/2/23, 06:40:00,0,0,0
1692,5/2/23, 06:50:00,0,0,0
1693,5/2/23, 07:00:00,0,0,0
1694,5/2/23, 07:10:00,0,0,0
1695,5/2/23, 07:20:00,0,0,0
1696,5/2/23, 07:30:00,1,1,0.186219739
1697,5/2/23, 07:40:00,1,1,0.186219739
1698,5/2/23, 07:50:00,1,1,0.186219739
1699,5/2/23, 08:00:00,7,7,1.303538175
1700,5/2/23, 08:10:00,6,6,1.117318436
1701,5/2/23, 08:20:00,13,13,2.420856611
1702,5/2/23, 08:30:00,19,19,3.538175047
1703,5/2/23, 08:40:00,17,17,3.165735568
1704,5/2/23, 08:50:00,23,23,4.283054004
1705,5/2/23, 09:00:00,21,21,3.910614525
1706,5/2/23, 09:10:00,26,26,4.841713222
1707,5/2/23, 09:20:00,29,29,5.400372439
1708,5/2/23, 09:30:00,28,28,5.2141527
1709,5/2/23, 09:40:00,30,30,5.586592179
1710,5/2/23, 09:50:00,20,20,3.724394786
1711,5/2/23, 10:00:00,28,28,5.2141527
1712,5/2/23, 10:10:00,21,21,3.910614525
1713,5/2/23, 10:20:00,28,28,5.2141527
1714,5/2/23, 10:30:00,29,29,5.400372439
1715,5/2/23, 10:40:00,17,17,3.165735568
1716,5/2/23, 10:50:00,28,28,5.2141527
1717,5/2/23, 11:00:00,20,20,3.724394786
1718,5/2/23, 11:10:00,26,26,4.841713222
1719,5/2/23, 11:20:00,24,24,4.469273743
1720,5/2/23, 11:30:00,43,43,8.00744879
1721,5/2/23, 11:40:00,42,42,7.82122905
1722,5/2/23, 11:50:00,52,52,9.683426443
1723,5/2/23, 12:00:00,79,79,14.7113594
1724,5/2/23, 12:10:00,48,48,8.938547486
1725,5/2/23, 12:20:00,33,33,6.145251397
1726,5/2/23, 12:30:00,33,33,6.145251397
1727,5/2/23, 12:40:00,53,53,9.869646182
1728,5/2/23, 12:50:00,32,32,5.959031657
1729,5/2/23, 13:00:00,63,63,11.73184358
1730,5/2/23, 13:10:00,60,60,11.17318436
1731,5/2/23, 13:20:00,57,57,10.61452514
1732,5/2/23, 13:30:00,54,54,10.05586592
1733,5/2/23, 13:40:00,45,45,8.379888268
1734,5/2/23, 13:50:00,66,66,12.29050279
1735,5/2/23, 14:00:00,51,51,9.497206704
1736,5/2/23, 14:10:00,60,60,11.17318436
1737,5/2/23, 14:20:00,41,41,7.635009311
1738,5/2/23, 14:30:00,34,34,6.331471136
1739,5/2/23, 14:40:00,57,57,10.61452514
1740,5/2/23, 14:50:00,50,50,9.310986965
1741,5/2/23, 15:00:00,52,52,9.683426443
1742,5/2/23, 15:10:00,50,50,9.310986965
1743,5/2/23, 15:20:00,141,141,26.25698324
1744,5/2/23, 15:30:00,189,189,35.19553073
1745,5/2/23, 15:40:00,42,42,7.82122905
1746,5/2/23, 15:50:00,35,35,6.517690875
1747,5/2/23, 16:00:00,109,109,20.29795158
1748,5/2/23, 16:10:00,83,83,15.45623836
1749,5/2/23, 16:20:00,161,161,29.98137803
1750,5/2/23, 16:30:00,178,178,33.14711359
1751,5/2/23, 16:40:00,129,129,24.02234637
1752,5/2/23, 16:50:00,88,88,16.38733706
1753,5/2/23, 17:00:00,53,53,9.869646182
1754,5/2/23, 17:10:00,41,41,7.635009311
1755,5/2/23, 17:20:00,47,47,8.752327747
1756,5/2/23, 17:30:00,29,29,5.400372439
1757,5/2/23, 17:40:00,28,28,5.2141527
1758,5/2/23, 17:50:00,23,23,4.283054004
1759,5/2/23, 18:00:00,15,15,2.793296089
1760,5/2/23, 18:10:00,8,8,1.489757914
1761,5/2/23, 18:20:00,2,2,0.372439479
1762,5/2/23, 18:30:00,0,0,0
1763,5/2/23, 18:40:00,0,0,0
1764,5/2/23, 18:50:00,0,0,0
1765,5/2/23, 19:00:00,0,0,0
1766,5/2/23, 19:10:00,0,0,0
1767,5/2/23, 19:20:00,0,0,0
1768,5/2/23, 19:30:00,0,0,0
1769,5/2/23, 19:40:00,0,0,0
1770,5/2/23, 19:50:00,0,0,0
1771,5/2/23, 20:00:00,0,0,0
1772,5/2/23, 20:10:00,0,0,0
1773,5/2/23, 20:20:00,0,0,0
1774,5/2/23, 20:30:00,0,0,0
1775,5/2/23, 20:40:00,0,0,0
1776,5/2/23, 20:50:00,0,0,0
1777,5/2/23, 21:00:00,0,0,0
1778,5/2/23, 21:10:00,0,0,0
1779,5/2/23, 21:20:00,0,0,0
1780,5/2/23, 21:30:00,0,0,0
1781,5/2/23, 21:40:00,0,0,0
1782,5/2/23, 21:50:00,0,0,0
1783,5/2/23, 22:00:00,0,0,0
1784,5/2/23, 22:10:00,0,0,0
1785,5/2/23, 22:20:00,0,0,0
1786,5/2/23, 22:30:00,0,0,0
1787,5/2/23, 22:40:00,0,0,0
1788,5/2/23, 22:50:00,0,0,0
1789,5/2/23, 23:00:00,0,0,0
1790,5/2/23, 23:10:00,0,0,0
1791,5/2/23, 23:20:00,0,0,0
1792,5/2/23, 23:30:00,0,0,0
1793,5/2/23, 23:40:00,0,0,0
1794,5/2/23, 23:50:00,0,0,0
1795,5/2/23, 24:00:00,0,0,0