Chunk,Model,Model type,Surface Area (cm^2),Area (cm^2),Surface Area (m^2) by color category: 0,Surface Area (m^2) by color category: 1,Surface Area (m^2) by color category: 2,Surface Area (m^2) by color category: 3,Surface Area (m^2) by color category: 4,Surface Area (m^2) by color category: 5,Surface Area (m^2) by color category: 6,Surface Area (m^2) by color category: 7,Surface Area (m^2) by color category: 8,Surface Area (m^2) by color category: 9,Surface Area (m^2) by color category: 10,Surface Area (m^2) by color category: 11,Surface Area (m^2) by color category: 12,Surface Area (m^2) by color category: 13,Surface Area (m^2) by color category: 14,Surface Area (m^2) by color category: 15,Surface Area (m^2) by color category: 16,Surface Area (m^2) by color category: 17,Surface Area (m^2) by color category: 18,Surface Area (m^2) by color category: 19,Surface Area (m^2) by color category: 20,Surface Area (m^2) by color category: 21,Surface Area (m^2) by color category: 22,Surface Area (m^2) by color category: 23,Surface Area (m^2) by color category: 24,Surface Area (m^2) by color category: 25,Surface Area (m^2) by color category: 26,Surface Area (m^2) by color category: 27,Surface Area (m^2) by color category: 28,Surface Area (m^2) by color category: 29,Surface Area (m^2) by color category: 30,Surface Area (m^2) by color category: 31,Surface Area (m^2) by color category: 32,Surface Area (m^2) by color category: 33,Surface Area (m^2) by color category: 34,Surface Area (m^2) by color category: 35,Max height (cm),Min height (cm),Height range (cm),Volume (cm^3),Extent Volume (cm^3)
652A,652A,Mesh,32.65355527,5.210422355,0,0,0,0,2.54E-06,1.29E-05,0.000313119,0.000476187,5.30E-05,0.000179422,0,0,0,0,0,0,6.33E-05,0.000460702,0.00036561,0,0,0,0,6.29E-07,0,5.27E-05,0.000633988,0.000606789,0,0,0,0,3.24E-07,4.60E-06,0,3.96E-05,7.891707023,3.477703119,4.414003904,8.107435903,30.62932449
652B,652B,Mesh,26.96181994,4.742172962,0,0,0,0,1.27E-05,0.000151075,0.000169908,0.000547514,2.68E-05,0.000194084,0,0,0,0,0,0,0.000110061,0.000307063,0.000218152,0,0,0,0,2.29E-06,1.38E-07,0.000133009,0.000458566,0.000314194,0,0,0,0,7.30E-07,2.08E-05,0,2.91E-05,6.719942945,3.460626371,3.259316574,6.685437823,19.94461816
652C,652C,Mesh,32.75449889,5.258490037,0,0,0,0,9.56E-07,6.38E-05,0.000122148,0.000716308,2.78E-07,0.00017604,0,0,0,0,0,0,0.000171502,0.000514058,0.000192793,0,0,0,0,6.47E-06,1.26E-06,0.000244175,0.000616682,0.000402902,0,0,0,0,6.98E-07,3.71E-05,0,8.22E-06,7.146441662,3.39168106,3.754760601,8.728644454,26.04369688
653A,653A,Mesh,57.02610554,9.013884371,0,0,0,5.25E-08,0.0008915,0.000174135,6.60E-05,0.000353629,1.69E-05,0.000192087,0,0,0,0,0,1.55E-06,0.000475485,0.000356508,0.000281843,0,5.03E-05,3.66E-05,1.83E-07,0.000717247,0.000426492,0.000680527,0.000469636,0.000474208,0,0,8.01E-06,0,3.26E-06,1.79E-05,0,8.66E-06,7.507468372,2.989691505,4.517776866,17.01161403,53.86667667
653B,653B,Mesh,35.20836955,6.030858322,0,0,0,0,2.83E-05,0.000314335,5.82E-05,0.000284733,5.85E-06,0.000303412,0,0,0,0,0,2.10E-08,0.000317624,0.000261379,0.000238858,0,0,0,0,0.000255285,0.000258483,0.000493502,0.000339802,0.000296665,0,0,5.89E-07,0,6.34E-07,5.35E-05,0,9.66E-06,6.533848462,3.004051867,3.529796595,9.635567912,28.2957713
653C,653C,Mesh,57.54617153,10.95827909,0,0,0,0,0.000209158,0.000301762,3.01E-05,0.00046688,1.08E-05,0.000403568,0,0,0,0,0,1.25E-06,0.00049553,0.000392479,0.000403738,0,0,1.02E-07,0,0.000619343,0.000542349,0.000892874,0.000439536,0.000524971,0,0,1.44E-06,0,1.06E-05,4.41E-06,0,3.69E-06,7.508883202,3.104302432,4.40458077,16.7254919,78.84504461
654A,654A,Mesh,68.69962125,15.99956277,0,0,0,6.99E-08,0.000333912,0.000241743,0.000301183,0.000611721,5.09E-06,0.000824524,0,0,0,0,0,0,0.000446676,0.000571825,0.000591772,0,0,6.82E-06,0,0.000116323,0.00013802,0.000995281,0.000755884,0.000716509,0,0,6.52E-05,0,3.25E-06,0.000133251,0,1.09E-05,7.344791066,3.668027365,3.676763701,21.58414591,86.86136944
654B,654B,Mesh,73.68451755,17.07758602,0,0,0,0,0.000400811,5.54E-05,0.000236861,0.00105887,1.01E-05,0.001310207,0,0,0,0,0,0,0.00101968,0.000467056,0.000687231,0,1.15E-08,5.62E-07,0,4.67E-05,5.01E-07,0.000550941,0.000795358,0.000696567,0,0,1.09E-05,0,0,1.75E-06,0,1.90E-05,8.351469544,3.762881744,4.5885878,23.92255247,109.6596128
8410,8410,Mesh,27.28435817,5.667882248,0,0,0,0,0.000137615,3.94E-05,7.63E-05,0.000357063,2.97E-06,0.000181329,0,0,0,0,0,0,2.73E-05,0.000343329,0.000238003,0,1.32E-06,0,0,0.00020743,3.17E-07,0.000185745,0.000528389,0.000367501,0,0,2.51E-06,0,1.31E-05,1.24E-05,0,6.49E-06,5.638679771,2.639393688,2.999286083,8.520912252,22.56649865
8473,8473,Mesh,78.93001208,14.71531518,0,0,0,0,0.000280986,0.000232097,9.64E-05,0.000907047,8.10E-06,0.000853889,0,0,0,0,0,5.17E-07,0.000732342,0.000752548,0.000644107,0,5.48E-08,1.55E-06,1.42E-07,0.00021828,0.000312282,0.001211583,0.000819852,0.00079941,0,0,9.15E-06,0,0,6.45E-06,0,6.22E-06,7.981731555,2.901660689,5.080070866,20.58556675,95.76119628
8478,8478,Mesh,26.55509601,7.325850891,0,0,0,1.42E-07,0.000250991,0.000129667,7.65E-05,0.000349615,1.17E-05,0.00034605,0,0,0,0,0,5.17E-07,0.000136968,0.000350121,0.000192421,0,2.23E-07,2.83E-07,0,2.90E-05,3.33E-06,0.000196436,0.000320937,0.000234602,0,0,2.87E-06,0,1.43E-06,8.38E-06,0,1.33E-05,4.546430088,2.396680699,2.149749389,8.732732293,23.97868407
7985,7985,Mesh,31.55301647,4.850140593,0,0,0,0,0.000204115,0.000177567,0.000104676,0.000198536,3.00E-06,0.000228977,0,0,0,0,0,0.000179663,0.000217105,0.000174664,0.000221503,0,4.67E-06,0,7.62E-05,0.000211926,0.000336469,0.00028377,0.000228316,0.000259931,0,0,0,0,7.58E-07,2.76E-05,0,1.58E-05,6.260959754,2.390219327,3.870740428,8.135463011,24.84313812
7993,7993,Mesh,29.60716269,5.005631262,0,0,0,0,0.000607132,4.62E-05,7.33E-05,0.000297624,2.43E-05,0.000186658,0,0,0,0,0,4.80E-06,7.99E-05,0.000129664,0.000191552,0,9.40E-05,1.78E-05,1.78E-07,0.000236346,0.000111476,0.000243944,0.000248843,0.000341747,0,0,1.12E-05,0,0,1.04E-06,0,1.31E-05,7.310720671,3.641795015,3.668925655,8.016438358,23.09400997
7994,7994,Mesh,37.02784656,8.345646377,0,0,0,0,8.85E-05,0.000179637,0.000110493,0.000354681,2.46E-05,0.000220377,0,0,0,0,0,9.46E-08,0.000103203,0.00027035,0.000256041,0,0,4.97E-07,0,0.000344659,9.69E-05,0.000655054,0.000434982,0.000485874,0,0,0,0,9.56E-08,5.76E-05,0,1.90E-05,6.747558905,3.294973164,3.452585741,10.4428033,41.02353042
8046,8046,Mesh,31.05670989,6.337842253,0,0,0,0,6.42E-05,0.000142216,0.000132851,0.000380389,2.26E-05,0.000272755,0,0,0,0,0,2.85E-06,0.000101665,0.000286502,0.000304777,0,0,0,0,3.49E-05,4.24E-05,0.000497012,0.000349716,0.000447846,0,0,4.83E-06,0,4.29E-07,1.62E-06,0,1.61E-05,6.868239892,3.565897174,3.302342717,7.851770992,29.28189955
8060,8060,Mesh,77.902808,12.581757,0,0,0,0,0.000944773,0.000169012,8.72E-05,0.000576942,3.14E-05,0.000334848,0,0,0,0,0,4.28E-06,0.000905766,0.000642024,0.000399214,0,2.02E-05,4.88E-06,1.26E-06,0.000766459,0.000486812,0.000983445,0.000840373,0.000567414,0,0,5.64E-06,0,3.95E-07,1.00E-05,0,7.99E-06,9.843308009,2.845974551,6.997333457,27.40099856,135.5201236
8134,8134,Mesh,30.9142972,6.047698609,0,0,0,6.33E-06,0.000387031,0.000100895,0.000102935,0.000257767,1.50E-05,1.60E-05,0,0,0,0,0,1.30E-05,0.000180587,0.000179833,7.37E-05,0,0.000159743,0.000151345,7.14E-06,0.000231743,0.000112411,0.000411671,0.000308509,0.000219427,0,0,0.000131969,0,0,6.89E-06,0,1.77E-05,6.294677724,2.54458327,3.750094454,9.413370188,30.31639936
8161,8161,Mesh,27.41920134,4.43682233,0,0,0,0,0,1.05E-05,9.15E-05,0.000556161,2.12E-05,0.000229245,0,0,0,0,0,0,0.000141109,0.000337946,0.000168472,0,0,0,0,2.24E-07,2.66E-07,0.000166357,0.000623945,0.000375835,0,0,0,0,0,1.72E-08,0,1.91E-05,6.419715732,2.597529502,3.822186229,6.61281915,21.45318976
8197,8197,Mesh,61.48104454,8.525244979,0,0,0,0,0.000171235,0.000152038,0.000315661,0.000717415,1.87E-05,9.15E-05,0,0,0,0,0,2.69E-07,0.000751117,0.000464501,0.000205746,0,0,0,0,0.00056329,0.000319517,0.001057425,0.000831074,0.000400798,0,0,3.36E-07,0,3.92E-08,7.21E-05,0,1.54E-05,10.79934031,2.9819487,7.817391613,19.06295165,105.7875808
8216,8216,Mesh,43.73987105,8.16271247,0,0,0,0,6.70E-05,0.000199599,0.000100905,0.000478995,2.69E-05,0.000367989,0,0,0,0,0,0,0.000718885,0.000371355,0.000339391,0,0,0,0,2.14E-05,8.35E-05,0.000564352,0.000518207,0.000490801,0,0,1.17E-07,0,0,2.38E-06,0,2.22E-05,6.607044534,2.669101495,3.937943038,11.37153719,49.35224204
8250,8250,Mesh,27.39972191,4.805313669,0,0,0,0,2.24E-06,0.000152139,8.77E-05,0.000433571,6.34E-06,0.000264375,0,0,0,0,0,0,0.00017479,0.00029289,0.000222051,0,0,0,0,1.98E-06,8.60E-07,0.000354836,0.000428468,0.000301849,0,0,0,0,0,2.38E-06,0,1.35E-05,6.910014296,3.935155321,2.974858975,7.419835609,17.56822608
8263,8263,Mesh,28.14890721,5.042343187,0,0,0,0,0.00034899,2.47E-05,0.000100794,0.000340233,1.05E-06,0.000219036,0,0,0,0,0,2.85E-07,0.000129008,0.00012536,0.000228329,0,3.89E-06,1.00E-07,0,0.000358747,0.000119212,0.000312738,0.00028407,0.000206562,0,0,0,0,0,2.90E-06,0,8.88E-06,5.619919246,2.377079244,3.242840002,7.291431331,23.3361515
8317,8317,Mesh,26.51614451,4.491377022,0,0,0,0,0,8.59E-06,0.000248864,0.000132995,2.32E-06,0.000327322,0,0,0,0,0,0,0.000233883,0.000565862,0.000183115,0,0,0,0,6.78E-08,3.53E-05,0.000151535,0.000339682,0.000418803,0,0,0,0,0,9.32E-07,0,2.31E-06,6.593938042,2.569579306,4.024358736,7.000910192,23.08226403
8397,8397,Mesh,47.29951081,8.702497241,0,0,0,0,1.49E-05,8.99E-05,0.000295187,0.000806121,1.35E-05,0.000384434,0,0,0,0,0,0,0.00029753,0.000625793,0.000353767,0,0,0,0,2.00E-05,4.36E-05,0.000515148,0.000647555,0.000587779,0,0,0,0,0,1.91E-05,0,1.57E-05,6.904617516,2.427927561,4.476689955,12.4360254,49.61940185
7788,7788,Mesh,45.70436143,7.679784992,0,0,0,0,9.94E-05,5.49E-05,3.41E-05,0.000340689,8.16E-07,0.000613251,0,0,0,0,0,0,4.80E-05,0.000957861,0.000445322,0,0,0,0,4.59E-05,3.40E-07,0.00020583,0.000930442,0.000759578,0,0,1.56E-05,0,0,1.31E-05,0,5.37E-06,9.671897651,4.185075358,5.486822293,11.78262078,60.9049442
7812,7812,Mesh,36.21161837,5.337543617,0,0,0,0,6.81E-07,4.39E-05,5.47E-05,0.000517703,4.03E-06,0.000344036,0,0,0,0,0,0,0.000125454,0.000707135,0.000270421,0,0,0,0,5.25E-05,0,0.000176529,0.000693174,0.000620596,0,0,0,0,0,6.56E-08,0,1.02E-05,7.983872982,3.596921811,4.386951172,9.991344466,32.06698565
7813,7813,Mesh,32.36998795,9.100124693,0,0,0,0,2.73E-05,6.61E-05,6.37E-05,0.000482017,1.79E-05,0.000417147,0,0,0,0,0,0,0.0001074,0.00030796,0.000302441,0,9.30E-07,0,0,5.00E-05,1.09E-05,0.000522823,0.000444889,0.000404576,0,0,9.16E-07,0,0,1.50E-08,0,9.97E-06,4.867643941,2.591668574,2.275975367,7.418069341,33.30649052
7831,7831,Mesh,27.77248965,4.761610692,0,0,0,0,0.000225683,3.52E-05,5.79E-05,0.000439163,8.46E-06,0.000130585,0,0,0,0,0,6.95E-05,0.000175436,0.00028256,0.000183705,0,2.31E-05,2.44E-05,4.13E-07,0.00010298,7.07E-05,0.000227579,0.000369673,0.000250118,0,0,6.57E-05,0,0,4.13E-06,0,3.02E-05,6.23629916,2.413622692,3.822676468,7.48794333,25.11227312
7846,7846,Mesh,28.08089434,5.855605468,0,0,0,0,3.22E-07,3.42E-05,0.000264489,0.000567016,1.00E-05,0.000509991,0,0,0,0,0,0,1.42E-05,0.00020657,0.000197519,0,0,0,0,8.25E-06,7.36E-07,0.000190657,0.00052064,0.00027049,0,0,0,0,0,2.61E-07,0,1.27E-05,6.187524442,3.488454742,2.6990697,7.695782633,19.6496101
7861,7861,Mesh,31.22569941,5.826044325,0,0,0,0,1.20E-07,1.93E-05,0.000160065,0.000297525,6.93E-05,0.000247505,0,0,0,0,0,0,0.000205064,0.000262729,0.000269119,0,0,0,0,6.96E-05,9.45E-05,0.00030291,0.00061408,0.000471936,0,0,0,0,0,3.02E-07,0,3.86E-05,6.330887644,3.042136975,3.288750669,8.221355114,26.8022198
7898,7898,Mesh,52.33130476,9.128363973,0,0,0,0,7.90E-07,2.78E-05,0.000148468,0.000864715,5.37E-06,0.000592273,0,0,0,0,0,0,0.000252489,0.000658348,0.000383231,0,0,0,0,2.29E-05,5.16E-06,0.000519471,0.000996112,0.000719329,0,0,5.79E-08,0,0,1.06E-05,0,2.61E-05,8.758940382,3.612434993,5.146505389,15.08457055,63.82036727
7899,7899,Mesh,25.48429987,4.546461972,0,0,0,0,5.82E-05,6.16E-05,9.79E-05,0.00038166,5.23E-06,0.000152229,0,0,0,0,0,0,0.000245854,0.000190877,0.000105145,0,0,0,0,5.33E-05,0.000126166,0.000386565,0.000447672,0.000217207,0,0,8.72E-06,0,3.44E-08,3.39E-06,0,6.61E-06,7.157691498,2.795383052,4.362308447,5.618675833,26.46566337
7910,7910,Mesh,44.44499901,7.982495772,0,0,0,0,0.000274277,0.00033329,0.000263896,0.000493953,1.76E-05,0.000321084,0,0,0,0,0,0,0.000141748,0.000330438,0.000242128,0,0,0,0,0.000183767,2.55E-05,0.000626132,0.000555134,0.000508974,0,0,5.73E-07,0,6.90E-06,9.46E-05,0,2.45E-05,7.40895106,2.560508152,4.848442907,11.99019378,53.97879421
7918,7918,Mesh,34.71748482,5.122610242,0,0,0,0,0.00029553,7.10E-05,9.27E-05,0.000314073,5.62E-06,0.000229179,0,0,0,0,0,0,0.000253671,0.000316093,0.000172521,0,4.58E-08,1.36E-06,0,0.000385253,0.000102676,0.000402786,0.000507833,0.000293017,0,0,1.31E-06,0,1.23E-06,1.27E-05,0,1.31E-05,7.001659487,2.992258331,4.009401156,10.93228694,27.12183423
7922,7922,Mesh,61.25927818,11.85126978,0,0,0,7.88E-07,0.00088082,0.000393563,0.000186249,0.000741674,3.42E-05,2.86E-05,0,0,0,0,0,0,0.000299811,0.00041432,0.000157772,0,5.73E-06,4.33E-05,0,0.000675134,0.00018166,0.000901405,0.000610497,0.000348413,0,0,8.57E-05,0,3.25E-05,9.36E-05,0,1.01E-05,8.045328837,2.335394998,5.709933839,24.93853389,91.23520274
7923,7923,Mesh,41.78597424,7.434483229,0,0,0,0,0,3.70E-05,0.00016291,0.000518251,1.19E-05,0.000422168,0,0,0,0,0,0,0.000479627,0.000508508,0.000391021,0,0,0,0,2.96E-08,6.06E-06,0.000219581,0.0007158,0.000678594,0,0,0,0,1.59E-07,1.59E-06,0,2.54E-05,7.150220765,2.478641046,4.671579719,9.638172297,48.0733672
7972,7972,Mesh,45.99988473,9.705276483,0,0,0,0,6.43E-07,2.34E-05,3.83E-05,0.000637648,5.43E-05,0.00065715,0,0,0,0,0,0,0.000576607,0.000565981,0.000369267,0,0,0,0,4.16E-06,7.85E-06,0.000522712,0.000620614,0.00051161,0,0,2.30E-07,0,0,0,0,9.55E-06,7.179734209,3.625674672,3.554059537,14.3394407,49.63071257
6117,6117,Mesh,25.83742186,5.338930626,0,0,0,0,0.000258016,0.000204589,7.85E-05,0.000286538,9.04E-06,7.56E-05,0,0,0,0,0,0,0.000124666,0.000152314,0.000120608,0,6.53E-09,2.29E-07,0,0.00025797,5.29E-05,0.000442653,0.000298902,0.000194021,0,0,6.08E-06,0,0,1.67E-05,0,4.34E-06,5.704238202,2.961683083,2.742555119,7.172538331,20.29299816
6471,6471,Mesh,28.93290063,5.736840968,0,0,0,0,4.64E-05,0.000116042,0.000205617,0.000461633,1.44E-05,0.000154672,0,0,0,0,0,0,0.000157975,0.000242008,0.000154839,0,0,0,0,3.08E-05,6.56E-06,0.000516992,0.000496223,0.000245957,0,0,2.40E-07,0,0,2.45E-05,0,1.84E-05,6.089618967,2.474136899,3.615482068,8.164285704,30.10303356
6706,6706,Mesh,28.1346769,4.711628852,0,0,0,0,2.43E-05,1.06E-05,0.000237548,0.000398384,3.77E-05,0.000116097,0,0,0,0,0,0,0.000248542,0.000223539,0.000152794,0,0,0,0,0.000159126,7.23E-05,0.000267505,0.000464556,0.000378275,0,0,0,0,0,6.31E-06,0,1.59E-05,6.587496422,2.674387355,3.913109067,8.299724058,23.71037247
7506,7506,Mesh,26.15363458,4.726195053,0,0,0,0,0,0,0.000111084,0.000389712,2.98E-05,0.000162245,0,0,0,0,0,0,0.0001288,0.000352527,0.000205037,0,0,0,0,2.97E-07,1.56E-05,0.000102666,0.000625315,0.000468863,0,0,0,0,0,0,0,2.35E-05,6.219455885,2.83527412,3.384181764,6.354957429,21.1606879
7535,7535,Mesh,60.72926181,11.39576811,0,0,0,0,2.40E-05,9.07E-05,0.000122067,0.000722786,1.15E-05,0.000338546,0,0,0,0,0,7.47E-07,0.000660014,0.000659758,0.000425982,0,0,0,6.21E-08,0.000390606,0.000392013,0.0008266,0.000674513,0.000694547,0,0,6.07E-07,0,0,2.25E-06,0,3.57E-05,8.306636629,3.513500042,4.793136588,16.26679869,72.39628181
7565,7565,Mesh,50.39680224,9.347709081,0,0,0,0,1.38E-05,0.00017936,0.000536987,0.000883281,1.55E-05,0.000412661,0,0,0,0,0,0,0.000180254,0.000397319,0.000348578,0,0,0,0,2.32E-05,3.19E-07,0.000315007,0.001120769,0.000583658,0,0,0,0,0,2.32E-06,0,2.66E-05,8.738947859,3.868797811,4.870150047,15.95975089,69.29261706
7580,7580,Mesh,26.6014983,5.08667905,0,0,0,0,4.86E-07,1.35E-05,0.00021474,0.000346189,1.00E-05,0.00034541,0,0,0,0,0,0,0.000180448,0.000216908,0.000210579,0,0,0,0,6.36E-06,1.87E-06,0.000291786,0.00046237,0.000330469,0,0,0,0,1.06E-06,1.19E-05,0,1.61E-05,5.849118842,3.012412235,2.836706607,7.228739839,19.85833919
7640,7640,Mesh,35.33012734,6.528241791,0,0,0,0,0,9.35E-07,0.000175674,0.00040489,2.08E-05,0.000478422,0,0,0,0,0,0,0.000201147,0.000414767,0.000299274,0,0,0,0,0,6.32E-06,0.000339265,0.000570718,0.000600101,0,0,0,0,0,4.65E-07,0,2.03E-05,6.687156661,3.063089097,3.624067564,9.172718091,35.67785344
7649,7649,Mesh,35.15496718,6.995321937,0,0,0,2.43E-06,1.76E-05,1.17E-05,0.00012086,0.000708553,3.08E-05,0.000362541,0,0,0,4.67E-07,0,8.36E-06,8.66E-05,0.000496435,0.000285575,0,1.64E-06,1.77E-06,0,3.12E-05,0,0.000109195,0.000727808,0.000498354,0,0,4.48E-06,0,7.71E-08,3.86E-06,0,5.29E-06,8.01512259,3.918633982,4.096488608,9.414583391,39.12478924
7687,7687,Mesh,46.50687134,6.657718055,0,0,0,1.86E-07,0.000656796,1.65E-05,6.18E-05,0.000237348,3.29E-05,3.89E-05,0,0,0,0,0,2.73E-05,0.000548456,0.000350615,0.000160543,0,5.76E-05,1.58E-05,1.47E-05,0.000387046,0.000396095,0.000369789,0.000597955,0.000621155,0,0,5.28E-06,0,3.19E-06,4.81E-06,0,4.58E-05,9.823875509,3.940360884,5.883514626,11.45057477,57.42942583
7711,7711,Mesh,30.62359336,5.012687837,0,0,0,0,0.000157928,0.000210116,8.17E-05,0.000288049,5.95E-05,8.59E-05,0,0,0,0,0,0,0.000333539,0.000124659,7.83E-05,0,0,1.80E-07,0,0.000256505,0.000188615,0.000602423,0.00041914,0.000140235,0,0,3.79E-07,0,0,3.21E-06,0,3.21E-05,7.624378637,3.458497829,4.165880808,9.428228659,27.12466631
7714,7714,Mesh,33.68650556,4.910663028,0,0,0,7.59E-06,0.000716433,0.000139996,6.47E-05,0.000221512,1.48E-05,2.72E-05,0,0,0,0,0,2.10E-05,6.61E-05,3.83E-05,5.73E-05,0,0.000149859,0.000273885,1.17E-06,0.000326845,0.000104801,0.000514723,0.000149596,5.91E-05,0,0,0.000405527,0,0,5.79E-06,0,2.37E-06,7.203533215,2.428338402,4.775194814,9.0085695,32.10743128
7771,7771,Mesh,36.63910962,6.288611845,0,0,0,0,0.000209397,2.80E-06,4.02E-05,0.000142774,2.63E-06,0.00020651,0,0,0,0,0,4.45E-06,0.000471258,0.000322216,0.000204538,0,1.36E-06,3.84E-06,2.81E-07,0.000297539,0.000248303,0.000271175,0.000403987,0.000790513,0,0,4.15E-06,0,0,9.69E-07,0,3.50E-05,6.875460277,2.667446523,4.208013755,11.03284545,35.29750513
7773,7773,Mesh,61.73267762,16.82318318,0,0,0,0,1.09E-05,5.04E-05,0.000108621,0.000931279,9.28E-07,0.001165834,0,0,0,0,0,1.04E-06,0.000125829,0.000706621,0.000663943,0,0,0,0,0.000215242,1.00E-05,0.000422179,0.000985259,0.00075688,0,0,0,0,0,1.82E-05,0,1.58E-07,6.850798984,3.589580988,3.261217997,17.87132348,68.95747506
4452,4452,Mesh,42.30197833,7.331804015,0,0,0,0,9.36E-07,2.43E-05,0.000508613,0.00076178,1.33E-05,0.000193177,0,0,0,0,0,0,0.000145787,0.000333094,0.000215876,0,0,0,0,1.34E-05,2.30E-07,0.000669957,0.00078745,0.000472326,0,0,0,0,0,6.55E-05,0,2.46E-05,8.470227655,3.56758848,4.902639175,11.97214536,54.64369667
4489,4489,Mesh,29.03145707,5.052264313,0,0,0,0,0.000172815,0.000265216,0.000103334,0.000471503,8.16E-06,9.64E-07,0,0,0,0,0,0,0.000431939,0.00016247,1.96E-05,0,1.65E-06,1.33E-06,0,0.000135673,8.43E-05,0.000529505,0.000358184,9.91E-05,0,0,1.09E-07,0,4.22E-06,4.72E-05,0,5.82E-06,8.368458615,3.779200522,4.589258094,8.824427233,30.05626407
4522,4522,Mesh,54.7307788,10.27201484,0,0,0,0,0.000117042,0.000169054,0.00011322,0.000476194,2.13E-05,0.000225036,0,0,0,0,0,8.99E-07,0.000518444,0.000463262,0.000298428,0,1.18E-06,5.82E-07,3.43E-07,0.000503266,0.000470843,0.000768056,0.000666677,0.000580024,0,0,1.75E-07,0,1.10E-07,1.44E-05,0,6.46E-05,8.061878813,2.946881283,5.11499753,16.97088085,76.11748285
4704,4704,Mesh,38.23459853,5.55097947,0,0,0,0,3.11E-06,1.83E-05,0.000119373,0.000650562,1.48E-05,4.13E-05,0,0,0,0,0,0,0.000370212,0.000657425,0.000121218,0,0,0,0,6.69E-05,8.96E-05,0.000438173,0.000809516,0.000414588,0,0,0,0,0,1.67E-06,0,6.72E-06,8.639015977,3.432364564,5.206651413,11.98899713,39.22314958
4782,4782,Mesh,47.44520688,6.728729573,0,0,0,0,1.12E-05,0.000182296,9.27E-05,0.000992184,1.37E-06,0.000313367,0,0,0,0,0,0,0.000184354,0.000680225,0.000245838,0,0,0,0,2.16E-05,0,0.000274722,0.001107105,0.000624647,0,0,0,0,0,6.43E-06,0,6.54E-06,7.727115389,2.431767152,5.295348238,13.02363819,52.35144042
5175,5175,Mesh,39.45922303,8.800082871,0,0,0,0,1.27E-05,6.13E-05,3.94E-05,0.000791564,1.55E-05,0.000245313,0,0,0,0,0,0,0.000288872,0.000549115,0.000332005,0,0,0,0,2.00E-05,3.77E-05,0.000545675,0.000519851,0.00046111,0,0,0,0,2.44E-08,2.03E-05,0,5.50E-06,5.939713418,2.487581381,3.452132037,11.35207286,42.68872427
5287,5287,Mesh,26.37774019,5.650537341,0,0,0,0,3.13E-05,8.82E-05,0.000140952,0.000347375,5.31E-06,0.000130185,0,0,0,0,0,0,0.000113176,0.000207678,0.00012279,0,0,0,0,0.000229665,0.000107761,0.000367993,0.000446714,0.000263529,0,0,0,0,1.32E-06,1.50E-05,0,1.88E-05,5.879070807,2.463340358,3.415730448,6.253170391,26.5558919
5357,5357,Mesh,47.71779181,5.145333512,0,0,0,0,0,3.54E-06,6.05E-05,0.000700945,5.74E-05,0.000130716,0,0,0,0,0,0,0.000140353,0.001129755,0.000246741,0,0,0,0,5.95E-07,0,9.76E-05,0.001357896,0.000782883,0,0,0,0,0,5.78E-06,0,5.71E-05,8.870973962,2.473248504,6.397725458,18.81502949,42.25426476
5377,5377,Mesh,31.91341042,4.998623331,0,0,0,0,0,3.88E-07,2.03E-05,0.000245792,2.63E-05,0.000273786,0,0,0,0,0,0,0.000306868,0.000520141,0.0002349,0,0,0,0,0,1.71E-05,0.000130723,0.000639292,0.000738144,0,0,0,0,0,1.27E-07,0,3.75E-05,6.896053897,2.536222643,4.359831254,7.871474109,25.99422845
5497,5497,Mesh,68.814135,16.05647191,0,0,0,0,0.000627848,0.000563138,0.00030878,0.001117611,1.27E-05,1.66E-05,0,0,0,0,0,0,0.000355345,0.000773781,0.000193151,0,0,9.23E-06,0,7.39E-05,2.81E-05,0.000793006,0.001209514,0.000599027,0,0,1.78E-05,0,1.08E-05,0.000167798,0,3.34E-06,9.743334415,3.077006727,6.666327689,28.39882231,136.2448188
5572,5572,Mesh,61.73885148,12.91186886,0,0,0,0,9.88E-05,0.000100028,0.000268921,0.001064133,7.15E-05,0.000160135,0,0,0,0,0,1.05E-06,0.000286181,0.000650559,0.000305701,0,0,2.80E-08,0,0.000458746,0.000135586,0.000960735,0.000949307,0.000628098,0,0,0,0,1.24E-07,2.87E-05,0,5.64E-06,9.427258734,3.723386826,5.703871909,18.7310121,112.9438798
6010,6010,Mesh,32.85466728,5.001697789,0,0,0,0,8.20E-07,6.94E-06,0.000186229,0.00029575,3.68E-05,0.000127039,0,0,0,0,0,0,0.000369112,0.000226786,9.85E-05,0,0,0,0,0.000200641,0.000292344,0.000651087,0.000359706,0.000421993,0,0,0,0,0,4.62E-07,0,1.12E-05,7.063627725,2.556335743,4.507291981,10.08095199,29.55163557
1113,1113,Mesh,46.05317548,10.81242738,0,0,0,0,0.000231096,5.49E-05,4.68E-05,0.000707083,0.000107881,0.00050505,0,0,0,0,0,0,0.000175389,0.000464805,0.000230843,0,0,0,0,0.000454509,8.06E-05,0.000551714,0.000603546,0.000375104,0,0,0,0,0,1.34E-05,0,2.58E-06,6.257198149,2.613280116,3.643918034,12.21886559,48.71239393
1193,1193,Mesh,33.76107209,6.135640211,0,0,0,0,2.17E-05,6.23E-05,0.000130451,0.000239542,1.17E-05,0.000104902,0,0,0,0,0,4.53E-08,0.000551593,0.000354041,0.000172451,0,0,0,0,0.000200209,0.000242669,0.000465668,0.000397432,0.00038874,0,0,1.22E-06,0,6.20E-08,2.36E-06,0,2.89E-05,6.356442761,2.40592543,3.950517331,9.056289569,35.86779494
1229,1229,Mesh,35.86917244,6.432123372,0,0,0,0,1.81E-06,4.16E-05,0.000141421,0.000467113,1.31E-05,0.000297505,0,0,0,0,0,0,3.23E-05,0.000655492,0.000262207,0,0,0,0,1.69E-06,0,0.000109656,0.000929719,0.000596993,0,0,0,0,0,9.28E-07,7.16E-07,3.46E-05,7.321266696,2.783402381,4.537864316,8.788167338,37.69307817
1399,1399,Mesh,28.21677922,5.168785308,0,0,0,0,0,2.91E-06,0.000284961,0.0002535,3.26E-05,0.000253597,0,0,0,0,0,0,0.000134982,0.000522424,0.000215017,0,0,0,0,5.14E-07,0,1.68E-05,0.00065676,0.000417993,0,0,0,0,0,9.92E-08,0,2.95E-05,6.784384565,2.608840308,4.175544257,6.178792711,30.0325172
2509,2509,Mesh,53.64413332,9.796699827,0,0,0,0,2.42E-06,4.26E-06,0.000211119,0.000673274,4.58E-05,0.000639388,0,0,0,0,0,2.49E-08,0.000232765,0.000535769,0.000533398,0,0,0,0,6.62E-05,0.000119258,0.000467992,0.00099082,0.000799592,0,0,0,0,0,2.14E-07,0,4.21E-05,8.154427055,3.571357942,4.583069113,12.80913043,59.15042654
2600,2600,Mesh,55.38030443,8.986254593,0,0,0,0.000565196,0.000621696,1.76E-05,0.000223487,0.000279501,2.70E-05,5.95E-05,0,0,0,0,0,0.000101144,0.000201579,0.000252634,0.000147449,0,0.000161274,0.000229783,1.92E-05,0.000216013,0.000198717,0.000316146,0.000390659,0.000420335,0,0,0.001048828,0,6.81E-07,4.16E-06,0,3.54E-05,8.370426832,2.731824758,5.638602074,21.49448112,72.10119348
2822,2822,Mesh,33.18241261,5.867646287,0,0,0,0,0.000318936,7.24E-05,9.44E-05,0.000542715,8.37E-05,3.32E-05,0,0,0,0,0,0,0.000141309,0.000240276,0.000105713,0,8.73E-08,8.31E-07,0,0.000402485,7.29E-05,0.000451065,0.000466924,0.000253496,0,0,0,0,0,2.68E-05,0,1.11E-05,7.114378055,3.379406312,3.734971743,9.751471985,28.80576967
3062,3062,Mesh,29.94436337,4.526031799,0,0,0,0,8.32E-06,1.63E-05,2.86E-05,0.00028381,6.88E-07,0.000402191,0,0,0,0,0,0,3.23E-06,0.000889568,0.000248161,0,0,0,0,1.13E-05,0,0.000140495,0.000369442,0.00057692,0,0,0,0,0,1.30E-06,0,1.41E-05,6.721023022,2.443517826,4.277505196,7.389709231,24.86795609
3776,3776,Mesh,52.57138927,13.24931866,0,0,0,0,1.74E-05,7.15E-05,0.000185858,0.00066565,3.69E-05,0.000475685,0,0,0,0,0,0,0.000237194,0.000554798,0.000376277,0,0,0,0,0.000276597,0.000237208,0.000756443,0.000690409,0.000632428,0,0,0,0,4.63E-08,1.76E-05,0,2.51E-05,7.505583874,3.011574455,4.494009419,16.2830419,91.49592559
3891,3891,Mesh,29.77227026,5.009193469,0,0,0,0,1.02E-06,7.94E-05,0.000117439,9.71E-05,8.09E-05,0.000322673,0,0,0,0,0,0,0,0.000497782,0.000331493,0,0,0,0,0,0,6.27E-05,0.00062197,0.000740906,0,0,0,0,0,3.65E-08,0,2.39E-05,6.402392668,2.80890965,3.593483018,7.291809441,25.98035854
658A,658A,Mesh,47.88734277,7.79951442,0,0,0,0,0.00075684,0.000109842,6.74E-05,0.000289924,1.61E-05,0.000217321,0,0,0,0,0,3.37E-05,0.000480088,0.000300364,0.000197173,0,8.78E-05,3.33E-06,1.59E-05,0.000452932,0.000427491,0.000533913,0.000374884,0.000388429,0,0,4.12E-07,0,0,1.24E-05,0,2.25E-05,8.537855674,2.868334722,5.669520952,14.22103694,64.88719268
658B,658B,Mesh,41.42077037,7.652410036,0,0,0,0,0.000474084,1.25E-05,0.000151458,0.000306035,5.93E-06,6.22E-05,0,0,0,0,0,9.38E-06,0.00046319,0.000336095,0.000127036,0,1.70E-05,1.49E-05,3.66E-06,0.000428493,0.000397296,0.000485318,0.00051308,0.000317239,0,0,1.58E-06,0,7.21E-08,3.79E-06,0,1.18E-05,7.927850207,3.565107841,4.362742366,13.33787019,48.76496282
658C,658C,Mesh,37.77627551,5.60930726,0,0,0,0,0.000534166,9.33E-05,0.00014772,0.000214915,1.13E-05,0.000169569,0,0,0,0,0,2.10E-05,0.000405299,0.000142166,0.000123694,0,7.94E-05,0.000113132,6.46E-06,0.00034635,0.000319607,0.00040501,0.00024005,0.000290508,0,0,9.17E-05,0,0,3.53E-06,0,1.88E-05,8.644858144,3.555671212,5.089186932,11.4328121,37.42318343
659A,659A,Mesh,47.7121178,11.476362,0,0,0,0,0.000300854,0.000214363,0.000137886,0.000547225,2.86E-05,0.000130002,0,0,0,0,0,8.45E-07,0.000311627,0.000463495,0.000289138,0,4.52E-07,4.58E-06,0,0.000205546,0.000238259,0.000634709,0.000654319,0.000416967,0,0,0.000144368,0,2.09E-07,3.75E-05,0,1.02E-05,7.525511381,3.486125066,4.039386315,15.48132225,74.14127702
659B,659B,Mesh,57.64833244,12.06913385,0,0,0,0,0.000341627,0.000176063,0.000161524,0.000480569,2.98E-05,0.000790038,0,0,0,0,0,0,0.000159668,0.000391817,0.000544871,0,3.01E-07,5.79E-08,0,0.000720906,0.000154584,0.000671688,0.000499495,0.000543567,0,0,1.85E-06,0,0,7.76E-05,0,1.89E-05,7.798635839,3.632794728,4.165841111,16.26460935,64.65599642
659C,659C,Mesh,59.09165173,14.14996633,0,0,0,0,0.000655172,0.000254781,0.000160093,0.000573285,3.83E-05,0.000331737,0,0,0,0,0,3.06E-06,0.000401158,0.00059729,0.000398527,0,1.58E-05,1.40E-05,9.82E-08,0.000304993,0.000125632,0.000608752,0.000639892,0.000586153,0,0,0.000159462,0,5.31E-06,3.08E-05,0,4.97E-06,6.82838097,2.903094815,3.925286155,20.4585202,81.94357549
660A,660A,Mesh,27.05826924,4.997633353,0,0,0,0,5.13E-06,4.32E-05,0.000166537,0.000280031,9.50E-06,0.00030623,0,0,0,0,0,0,0.000370165,0.000245937,0.000191603,0,0,0,0,8.42E-06,2.02E-06,0.000328056,0.000456282,0.000244708,0,0,0,0,0,1.89E-05,2.65E-07,2.89E-05,6.070170942,2.353265762,3.71690518,7.355310775,24.476791
660B,660B,Mesh,32.150552,8.551614794,0,0,0,0,0.000150022,0.000122173,7.36E-05,0.000497987,2.04E-05,0.000332491,0,0,0,0,0,6.39E-06,0.000212265,0.000376454,0.000278724,0,1.36E-06,5.86E-07,0,8.91E-05,1.13E-05,0.000315481,0.000378682,0.000338148,0,0,1.89E-06,0,0,1.47E-06,0,6.47E-06,5.796425509,2.841337226,2.955088284,8.523071694,34.9870513
660C,660C,Mesh,29.58536917,6.265778738,0,0,0,0,1.97E-05,8.76E-05,5.45E-05,0.000478913,1.05E-05,0.00030093,0,0,0,0,0,0,0.000229525,0.000325123,0.00033428,0,0,0,0,2.37E-05,1.65E-06,0.000252863,0.000467839,0.000355848,0,0,1.43E-07,0,0,1.20E-06,0,1.43E-05,5.715573469,2.416423082,3.299150387,7.66290554,26.90281928
661A,661A,Mesh,29.92928233,5.931846895,0,0,0,0,0.000136265,7.63E-05,2.78E-05,0.000282018,2.18E-05,0.00019643,0,0,0,0,0,5.94E-06,4.47E-05,0.000511447,0.000322379,0,0,0,0,0.000130094,2.45E-06,0.000137702,0.000524461,0.000548743,0,0,6.13E-06,0,0,4.72E-07,0,1.78E-05,6.714659171,3.587786014,3.126873158,8.852919042,24.15992313
661B,661B,Mesh,40.74660909,7.726845705,0,0,0,0,8.30E-05,0.000123746,5.43E-05,0.000803432,2.42E-05,0.000294614,0,0,0,0,0,0,0.00032624,0.000589174,0.000314049,0,0,0,0,2.21E-05,2.13E-06,0.000150629,0.000723176,0.000553306,0,0,2.12E-07,0,0,1.22E-06,0,9.14E-06,7.97496839,3.667927348,4.307041042,11.22766444,43.58182397
661C,661C,Mesh,41.64885,9.493673982,0,0,0,0,0.00025091,6.43E-05,6.37E-05,0.000600045,7.14E-06,0.000560428,0,0,0,0,0,2.20E-06,0.000329547,0.000491196,0.000362459,0,2.58E-07,3.99E-06,0,0.000123514,9.43E-06,0.000223601,0.000588169,0.000438654,0,0,2.99E-05,0,0,1.12E-05,0,4.28E-06,6.537570547,3.414239466,3.123331081,12.6466915,39.05200186
662A,662A,Mesh,22.13112253,5.61598569,0,0,0,0,3.94E-05,0.000184797,0.000191789,0.000199198,3.36E-05,0.000256186,0,0,0,0,0,6.68E-07,4.82E-05,0.000166204,0.000135933,0,0,0,0,7.66E-06,6.47E-06,0.00022205,0.000342577,0.000328084,0,0,3.67E-08,0,2.59E-07,1.54E-06,0,4.85E-05,6.412344518,3.876065478,2.53627904,5.284903064,18.93418391
662B,662B,Mesh,28.24047822,5.741874744,0,0,0,0,8.73E-05,0.000123687,7.24E-05,0.000365416,9.94E-06,0.000107198,0,0,0,0,0,0,0.000307433,0.00023439,0.00017689,0,0,2.32E-08,0,0.000118309,5.84E-05,0.000383317,0.000434596,0.000288424,0,0,1.83E-06,0,4.72E-08,3.16E-05,0,2.28E-05,6.8189318,3.898752788,2.920179012,6.94580565,22.42719635
662C,662C,Mesh,28.25491467,5.587628807,0,0,0,0,0.000311985,0.000218822,4.01E-05,0.000307892,1.52E-05,0.000139283,0,0,0,0,0,0,0.000229696,0.000265738,0.00011283,0,1.38E-05,1.44E-05,0,0.000180711,5.67E-05,0.000267315,0.000352695,0.000264385,0,0,2.72E-06,0,0,1.30E-05,1.31E-06,1.69E-05,6.466660416,2.515500228,3.951160187,7.122872731,27.03420875
663A,663A,Mesh,46.20931837,9.23888953,0,0,0,0,7.74E-07,2.78E-05,0.000103867,0.000675456,7.02E-06,0.000687152,0,0,0,0,0,0,9.16E-05,0.000820592,0.000408441,0,0,0,0,2.52E-06,2.89E-07,0.000116203,0.000880347,0.000776448,0,0,3.96E-08,0,4.17E-08,1.09E-05,0,1.14E-05,7.8937945,3.582500626,4.311293874,14.33641744,56.43258422
663B,663B,Mesh,31.37909433,5.255865412,0,0,0,0,3.25E-07,2.09E-05,6.20E-05,0.000480372,5.43E-07,0.000488874,0,0,0,0,0,0,6.80E-06,0.000482926,0.000247408,0,0,0,0,2.19E-06,0,0.000141594,0.000561542,0.000619239,0,0,0,0,0,1.12E-05,0,1.20E-05,7.924705775,3.549762143,4.374943633,8.734685685,32.28358758
663C,663C,Mesh,71.84805048,10.50558772,0,0,0,0,8.65E-06,1.39E-05,0.000230618,0.001070193,1.23E-05,0.000910345,0,0,0,0,0,0,0.000142764,0.001175511,0.0006823,0,0,0,0,5.36E-06,0,0.000109569,0.001582253,0.001201631,0,0,7.77E-08,0,0,4.30E-06,0,3.50E-05,11.22798881,3.634763037,7.593225769,19.51030595,110.3690209
664A,664A,Mesh,78.56370914,15.37461216,0,0,0,0,0.000520862,6.17E-05,1.98E-05,0.000577348,5.52E-06,0.000319462,0,0,0,0,0,4.64E-05,0.001067134,0.000784737,0.000371058,0,1.49E-06,0,9.85E-06,0.000871289,0.000703143,0.001049752,0.000819127,0.000615727,0,0,4.14E-06,0,0,6.20E-07,0,7.25E-06,9.647312835,3.615317442,6.031995393,29.97201494,146.2699068
664B,664B,Mesh,73.11899776,13.21647963,0,0,0,1.93E-05,0.000943784,0.000102284,2.65E-05,0.000570842,2.04E-06,0.000318633,0,0,0,0,0,2.35E-05,0.000622533,0.001009858,0.000456793,0,3.47E-05,4.95E-05,3.26E-07,0.000523012,0.000266701,0.00055761,0.000779652,0.000717346,0,0,0.000258411,0,0,2.40E-05,0,4.61E-06,9.034179681,2.558065361,6.476114319,32.63655433,124.9072334
664C,664C,Mesh,23.8633004,4.445965199,0,0,0,0,3.20E-05,8.46E-05,0.000160038,0.000273322,1.70E-05,0.000212863,0,0,0,0,0,0,0.000148549,0.000447759,0.00015315,0,0,0,0,4.36E-06,7.18E-07,0.000131379,0.000385318,0.0003134,0,0,0,0,8.41E-07,1.10E-06,1.98E-07,1.98E-05,7.664235873,3.998911981,3.665323892,6.462535006,20.81436481
665,665,Mesh,40.51379908,7.520859705,0,0,0,0,6.15E-06,7.17E-05,0.000181503,0.000348741,0.00013738,0.000800118,0,0,0,0,0,6.13E-07,7.64E-05,0.000115512,0.000478546,0,0,0,0,2.68E-05,3.59E-05,0.00032436,0.00064123,0.000763251,0,0,0,0,6.14E-08,4.94E-06,0,3.82E-05,7.431649012,3.53798641,3.893662602,10.50340534,40.02400764
665A,665A,Mesh,31.79265535,6.234334872,0,0,0,0,0.000243221,0.000114678,8.64E-05,0.00030049,2.13E-05,0.000238109,0,0,0,0,0,1.94E-06,0.000340838,0.000174635,9.15E-05,0,5.04E-06,7.83E-06,0,0.000260716,0.000236754,0.000455662,0.000373794,0.000181457,0,3.38E-08,2.63E-05,0,1.80E-06,7.58E-06,0,9.31E-06,6.668955828,2.751452223,3.917503605,7.635629166,35.03473217
665B,665B,Mesh,25.1617132,4.475006336,0,0,0,0,0.000264044,3.88E-05,0.00013049,0.000213831,1.54E-05,0.00024525,0,0,0,0,0,1.40E-05,0.000205136,0.000105999,7.11E-05,0,2.99E-06,5.10E-06,0,0.000177669,0.000219501,0.000343008,0.000288853,0.000113279,0,0,3.94E-05,0,3.22E-06,3.42E-06,0,1.57E-05,7.200693452,2.407620673,4.793072779,6.289882856,27.92706208
665C,665C,Mesh,28.4801864,5.38580233,0,0,0,0,0.000326902,2.67E-05,0.000252837,0.000266743,4.21E-06,0.00025499,0,0,0,0,0,1.53E-06,0.000337582,0.00017898,0.000149627,0,6.66E-06,1.35E-06,0,0.000187402,7.87E-05,0.000270743,0.000297028,0.0001928,0,0,0,0,4.74E-08,5.61E-06,0,7.57E-06,7.436596582,3.595595699,3.841000884,6.881100878,30.39949915
666A,666A,Mesh,21.83529387,5.00490815,0,0,0,0,2.82E-05,0.000101024,9.25E-05,0.000248608,8.16E-06,0.000214085,0,0,0,0,0,0,0.000135144,0.000192552,0.000140388,0,0,0,0,5.75E-05,9.22E-05,0.000272653,0.000331862,0.000246245,0,0,2.26E-07,0,0,1.52E-05,0,6.87E-06,7.209839651,3.922362125,3.287477525,5.221459598,21.46935558
666B,666B,Mesh,29.04202253,6.819684068,0,0,0,0,0.000146968,2.74E-05,0.000160611,0.000337804,5.32E-05,0.000132053,0,0,0,0,0,9.33E-08,0.000220536,0.000332608,0.000120836,0,4.52E-07,0,0,0.000155627,0.000102958,0.000220978,0.00061558,0.000250816,0,0,0,0,0,5.50E-06,0,2.02E-05,5.284367137,2.413781368,2.870585769,7.772161683,25.9012891
666C,666C,Mesh,26.2745933,5.015299385,0,0,0,0,3.50E-05,2.46E-05,0.000104056,0.000366105,4.01E-05,0.000131507,0,0,0,0,0,0,0.000320863,0.000177928,0.000153078,0,0,0,0,0.000194292,7.53E-05,0.00032421,0.000464083,0.000196555,0,0,2.15E-06,0,1.76E-08,2.12E-06,0,1.55E-05,6.672467586,3.576901595,3.095565991,6.711125969,22.30045708
667A,667A,Mesh,33.33451592,6.144085802,0,0,0,0,2.12E-05,2.50E-05,7.52E-05,0.000509806,3.57E-06,0.00025284,0,0,0,0,0,0,0.000362662,0.000476957,0.00024679,0,0,0,0,2.96E-06,3.94E-06,0.000351104,0.000588761,0.000401298,0,0,0,0,0,2.82E-07,0,1.10E-05,5.587020794,2.508616807,3.078403988,8.52395895,24.65640122
667B,667B,Mesh,31.34969628,7.629162001,0,0,0,0,3.26E-06,1.36E-05,0.000139535,0.00055045,1.45E-05,0.000237267,0,0,0,0,0,0,0.000152814,0.000433808,0.00027791,0,0,0,0,5.01E-06,5.27E-07,0.000218898,0.000654548,0.000427007,0,0,0,0,0,1.58E-07,0,5.68E-06,6.564626598,3.620082769,2.944543829,7.580839479,30.80130909
667C,667C,Mesh,41.81466552,8.843007678,0,0,0,0,6.62E-05,8.65E-05,1.48E-05,0.000707611,9.19E-06,0.000319623,0,0,0,0,0,0,0.000364728,0.000608551,0.000336391,0,0,0,0,4.26E-05,5.97E-06,0.000433233,0.000682015,0.000482723,0,0,4.60E-06,0,0,1.22E-05,0,4.62E-06,5.874478366,2.404427468,3.470050898,11.08098718,43.70758823
668A,668A,Mesh,24.39987227,4.559127573,0,0,0,0,4.99E-05,8.95E-05,5.34E-05,0.000283559,2.04E-06,0.000219154,0,0,0,0,0,0,0.000216088,0.000405832,0.00011922,0,0,0,0,3.44E-06,1.69E-07,0.000176001,0.000550793,0.000247189,0,0,0,0,4.52E-08,1.37E-05,2.74E-07,9.63E-06,6.342159999,2.408820227,3.933339772,6.457545454,24.5312398
668B,668B,Mesh,29.60816517,4.582444768,0,0,0,0,2.18E-05,1.48E-05,7.79E-05,0.000314683,1.11E-06,0.000198767,0,0,0,0,0,8.96E-07,0.000384733,0.000328337,0.000172907,0,0,0,1.01E-07,0.000199679,0.000199164,0.000340143,0.00042587,0.000263378,0,0,0,0,0,9.86E-06,0,6.71E-06,8.132512024,3.624631303,4.507880721,7.527852271,26.15895545
668C,668C,Mesh,44.07176559,9.54566491,0,0,0,0,0.000183068,9.27E-05,0.000129805,0.000531212,2.87E-05,0.000160553,0,0,0,0,0,7.48E-07,0.000383603,0.000567587,0.000240955,0,0,6.49E-07,4.77E-08,0.000210808,0.000180723,0.000485998,0.000697626,0.000432943,0,0,1.49E-05,0,4.28E-06,3.01E-05,0,3.02E-05,7.325156406,2.902139688,4.423016718,14.60487073,63.15540097
669A,669A,Mesh,28.0377149,5.361770272,0,0,0,0,1.11E-06,2.47E-06,4.17E-05,0.000460614,9.62E-07,0.000233204,0,0,0,0,0,0,0.000222653,0.000152996,0.000174186,0,0,0,0,0.000273242,0.000306313,0.00039809,0.000345048,0.000186051,0,0,0,0,0,0,0,5.14E-06,5.932279562,2.46305603,3.469223533,7.454763306,26.13449307
669B,669B,Mesh,42.30784029,6.693068457,0,0,0,0,2.35E-06,3.70E-05,5.42E-05,0.000473254,3.42E-06,0.000197632,0,0,0,0,0,0,0.000787844,0.000386287,0.000251389,0,0,0,0,0.000106042,0.000230073,0.000851992,0.000459958,0.000371547,0,0,0,0,0,1.47E-06,0,1.63E-05,7.367894867,2.50433762,4.863557248,12.59225199,46.34693088
669C,669C,Mesh,31.21961294,6.086066334,0,0,0,0,0.000130274,5.05E-05,8.50E-05,0.000365898,3.57E-06,0.000154095,0,0,0,0,0,1.45E-07,0.000210814,0.000232276,0.000216988,0,2.67E-07,0,0,0.00033695,0.000152402,0.000457875,0.000372705,0.000318967,0,0,0,0,0,2.34E-05,0,9.73E-06,5.842253009,3.086452034,2.755800976,8.054882648,23.99070007
670A,670A,Mesh,24.16794622,4.442738829,0,0,0,0,9.22E-05,6.51E-05,5.98E-05,0.000219317,2.68E-06,0.000142678,0,0,0,0,0,0,0.000269094,0.000344177,0.000153944,0,0,0,0,9.23E-06,3.49E-05,0.000236713,0.000449353,0.000289336,0,0,0,0,0,2.30E-05,0,2.53E-05,5.821446437,2.563419295,3.258027142,6.609363348,19.13442059
670B,670B,Mesh,22.33533169,4.425125081,0,0,0,0,7.01E-07,5.83E-05,3.29E-05,0.000293828,7.18E-06,0.000296213,0,0,0,0,0,0,0.00030274,0.000203977,0.000134373,0,0,0,0,4.34E-06,6.14E-05,0.000283331,0.000339023,0.000186996,0,0,0,0,0,1.41E-05,0,1.41E-05,5.91170701,2.436732995,3.474974015,5.659195438,19.83849956
670C,670C,Mesh,20.58258675,4.650770198,0,0,0,0,3.82E-05,7.26E-05,0.000132297,0.000162797,0,0.000225245,0,0,0,0,0,0,0.000176539,0.00015469,0.000135054,0,0,1.44E-06,0,7.13E-05,6.92E-05,0.000245536,0.000329007,0.0002054,0,0,3.84E-06,0,0,2.17E-05,0,1.35E-05,7.049129029,3.721776367,3.327352661,4.928211819,20.33970893
671A,671A,Mesh,26.25939394,4.486624074,0,0,0,0,4.41E-06,1.84E-05,8.78E-05,0.000445445,9.30E-08,0.000307381,0,0,0,0,0,0,0.000276676,0.000132884,0.000172587,0,0,0,0,3.87E-05,0.000105376,0.00048832,0.000388599,0.000153369,0,0,0,0,0,2.33E-06,0,3.48E-06,6.475153914,2.611019645,3.864134268,6.827729065,23.00185431
671B,671B,Mesh,21.0998455,4.385764732,0,0,0,0,3.97E-06,2.63E-05,0.00012249,0.000394359,2.26E-06,0.00016408,0,0,0,0,0,0,0.000126602,0.000211222,0.000151625,0,0,0,0,2.00E-05,1.29E-05,0.000219941,0.000424198,0.000205414,0,0,0,0,0,1.32E-05,0,1.15E-05,5.763172309,2.548873965,3.214298344,5.451436549,18.08942577
671C,671C,Mesh,35.58504994,8.393315516,0,0,0,0,1.55E-05,5.34E-05,0.00022314,0.000476949,1.83E-05,0.000364874,0,0,0,0,0,3.66E-06,0.000103373,0.000300559,0.000274209,0,0,0,0,0.00014696,8.28E-05,0.000627342,0.000479735,0.000372591,0,0,0,0,0,1.03E-05,0,4.79E-06,7.001598977,3.615524643,3.386074334,9.325510192,39.71462464
672A,672A,Mesh,40.63960867,8.276190052,0,0,0,0,0.00010921,8.11E-05,7.94E-05,0.000660075,1.66E-05,0.000392474,0,0,0,0,0,3.60E-07,0.000315944,0.000402355,0.00030471,0,0,0,0,1.96E-05,5.65E-05,0.000568078,0.000567617,0.000447429,0,0,7.47E-06,0,1.60E-08,2.47E-05,0,1.04E-05,5.917665141,2.623044558,3.294620584,12.07215157,38.45252667
672B,672B,Mesh,32.43332945,7.658612436,0,0,0,0,8.54E-06,2.61E-05,7.61E-05,0.000740685,8.50E-06,0.000343424,0,0,0,0,0,0,0.000220987,0.000292794,0.000278797,0,0,0,0,1.99E-05,1.09E-05,0.000380436,0.000445967,0.000368181,0,0,0,0,0,1.53E-05,0,6.66E-06,6.573672706,3.976977921,2.596694785,8.784479717,29.22969278
672C,672C,Mesh,36.87401061,6.124831012,0,0,0,0,0.000247699,0.000395448,7.52E-05,0.000342074,0.000127999,0.000184758,0,0,0,0,0,4.69E-07,0.000115684,0.000190571,0.000233644,0,0,1.84E-06,0,0.000248756,5.26E-05,0.000537747,0.000425009,0.000389477,0,0,0.000105254,0,6.04E-07,3.60E-06,0,9.03E-06,5.933886037,2.43659327,3.497292767,9.336727526,29.72084238
673A,673A,Mesh,30.37765131,5.047131289,0,0,0,0,0.000188762,7.67E-05,6.25E-05,0.000277248,4.32E-06,0.000253923,0,0,0,0,0,0,0.00023963,0.000201902,0.000251316,0,0,0,0,0.000285488,9.87E-05,0.000480514,0.000310238,0.000279266,0,0,5.91E-07,0,0,1.22E-05,0,1.44E-05,6.11242467,2.525881817,3.586542852,7.515384184,24.28994472
673B,673B,Mesh,31.78469258,5.938204304,0,0,0,0,0.000170378,0.000131995,0.000177201,0.000255709,1.34E-05,0.000357382,0,0,0,0,0,0,0.000126661,0.000162147,0.000265616,0,2.36E-07,1.03E-05,0,0.000201113,7.77E-05,0.000442467,0.000367506,0.000356451,0,0,2.59E-06,0,8.48E-08,1.36E-05,0,4.59E-05,7.392122492,3.931698979,3.460423513,7.485182665,29.24669327
673C,673C,Mesh,30.12542342,5.412046074,0,0,0,5.21E-07,6.81E-05,4.47E-05,0.000122382,0.000253744,1.06E-06,0.000368704,0,0,0,0,0,0,0.000206137,0.000139683,0.000193258,0,0,1.17E-06,0,0.00028873,0.000138633,0.000607036,0.000294355,0.000240428,0,0,6.95E-06,0,2.37E-07,2.53E-05,0,1.15E-05,6.045912497,2.535960619,3.509951878,7.399421539,26.51817689
674A,674A,Mesh,42.08584787,5.395344029,0,0,0,0,4.82E-06,7.86E-06,4.43E-05,0.000535988,0.000208853,0.000256101,0,0,0,0,0,0,0.00041623,0.000321616,0.00023208,0,0,0,0,0.000244789,0.000240458,0.000536986,0.000837894,0.000307735,0,0,2.91E-08,0,0,1.24E-07,0,1.27E-05,9.488322832,3.76901759,5.719305242,12.11446764,37.60778753
674B,674B,Mesh,32.13459572,7.038448449,0,0,0,0,9.04E-05,0.000105816,0.000151523,0.000524892,9.78E-06,0.000281431,0,0,0,0,0,0,0.000132253,0.000344108,0.000239121,0,2.66E-07,5.33E-07,0,6.76E-05,5.62E-06,0.000281278,0.000557533,0.000369267,0,0,1.03E-05,0,0,2.13E-05,0,2.04E-05,5.545891097,2.427873439,3.118017658,9.20287072,33.11848488
674C,674C,Mesh,30.64208333,5.755456284,0,0,0,0,1.17E-05,5.95E-05,4.24E-05,0.000510036,2.73E-05,5.58E-05,0,0,0,0,0,1.05E-05,0.000299241,0.000314802,0.000147721,0,0,0,0,5.97E-05,4.42E-05,0.000613035,0.000514817,0.00032,0,0,0,0,0,6.73E-06,0,2.67E-05,6.523505892,2.990060692,3.5334452,8.244574331,28.20252241
675A,675A,Mesh,46.80894155,7.702436362,0,0,0,0,0.000137248,0.000105024,5.33E-05,0.000398539,2.31E-05,0.000355023,0,0,0,0,0,0,0.000531976,0.000452857,0.000402276,0,0,0,0,0.000228136,0.00035212,0.000550205,0.000574709,0.000486379,0,0,1.30E-06,0,0,7.51E-06,0,2.12E-05,7.824440052,3.618616529,4.205823523,11.90723678,45.9015027
675B,675B,Mesh,35.53392997,8.037588977,0,0,0,0,0.000110776,0.000153336,9.55E-05,0.000389298,7.49E-05,0.000339444,0,0,0,0,0,0,0.000288812,0.000247939,0.000260149,0,0,0,0,0.000127823,7.52E-05,0.000506602,0.000470759,0.000365281,0,0,6.47E-07,0,3.56E-06,2.88E-05,0,1.47E-05,6.181313248,2.752076448,3.4292368,9.237063663,35.84406913
675C,675C,Mesh,37.43458576,6.380837837,0,0,0,0,0.000181447,2.64E-05,8.49E-05,0.000378315,1.72E-06,0.000244418,0,0,0,0,0,5.38E-05,0.000321189,0.000293369,0.000248139,0,1.76E-06,4.57E-06,1.43E-05,0.000316367,0.000363905,0.000330375,0.000493562,0.000345741,0,0,1.01E-05,0,1.24E-07,8.95E-06,0,2.01E-05,7.785585471,3.567744822,4.217840649,9.53779436,38.87538779
751A,751A,Mesh,28.20981719,5.266579622,0,0,0,0,3.72E-05,2.90E-05,0.000144479,0.000291303,1.68E-05,0.000261395,0,0,0,0,0,0,8.88E-05,0.000167095,0.000156722,0,0,0,0,0.000252068,0.000112627,0.00036498,0.000548952,0.000290896,0,0,0,0,0,9.56E-06,0,4.91E-05,5.800347066,2.780432591,3.019914474,7.030858709,20.21416514
751B,751B,Mesh,32.95677102,6.041566818,0,0,0,0,6.05E-05,4.13E-05,0.00013206,0.000341812,1.06E-05,0.000352141,0,0,0,0,0,4.19E-06,0.000224258,0.000210089,0.000283405,0,0,0,0,0.000180631,6.62E-05,0.000450365,0.000551432,0.000355602,0,0,9.77E-08,0,0,1.35E-05,0,1.74E-05,5.628011953,2.5824934,3.045518553,8.262905906,24.97685247
751C,751C,Mesh,32.7175845,5.958554988,0,0,0,0,8.32E-05,2.15E-05,5.96E-05,0.000565273,8.47E-06,6.44E-05,0,0,0,0,0,0,0.000204645,0.000302276,0.000122448,0,5.56E-08,5.40E-07,0,0.000292335,0.000184679,0.000580893,0.000471076,0.000290781,0,0,5.75E-06,0,0,7.71E-06,0,6.11E-06,5.761988781,2.544716565,3.217272216,7.892617773,27.71180144
752A,752A,Mesh,35.47341049,7.736193433,0,0,0,2.67E-07,1.39E-05,5.35E-05,3.13E-05,0.000726265,1.72E-05,0.000457573,0,0,0,0,0,1.60E-06,0.000164171,0.000423492,0.000342897,0,0,4.76E-07,0,1.86E-05,2.86E-07,0.000210411,0.000499995,0.000540466,0,0,4.30E-06,0,0,5.12E-06,0,3.54E-05,7.302448347,3.646511603,3.655936744,8.999992669,40.76764176
752B,752B,Mesh,41.80629685,13.34159904,0,0,0,0,2.63E-05,3.50E-05,8.76E-05,0.00057195,4.27E-05,0.000582544,0,0,0,0,0,0,0.000192784,0.000448531,0.000413436,0,0,0,0,0.00019367,1.17E-05,0.000630831,0.000440765,0.00049703,0,0,1.33E-07,0,0,1.69E-06,0,3.92E-06,5.339014618,2.482895328,2.85611929,11.03919459,48.88113012
752C,752C,Mesh,34.69374895,6.09601184,0,0,0,0,0.000111953,0.000111582,8.47E-05,0.000336393,4.98E-06,0.000228719,0,0,0,0,0,2.42E-06,0.000323699,0.000271397,0.000283558,0,0,1.44E-06,0,0.000208196,0.000191763,0.000463617,0.000393505,0.000385248,0,0,2.00E-05,0,1.39E-06,1.42E-05,0,3.06E-05,6.45539246,2.62638455,3.82900791,8.691760333,33.97289194
753A,753A,Mesh,52.55139022,10.63602177,0,0,0,0,0.000234129,0.000132999,9.24E-05,2.89E-05,1.82E-05,0.000948728,0,0,0,0,0,0,9.55E-06,0.00100975,0.000660969,0,0,6.53E-07,0,8.37E-05,9.91E-06,0.000208773,0.000182495,0.00154634,0,0,4.71E-05,0,0,3.20E-05,0,8.62E-06,8.617241184,3.641330552,4.975910632,19.92988228,73.22691523
753B,753B,Mesh,32.56527826,6.025318674,0,0,0,0,5.72E-05,7.47E-05,0.000141301,0.000504924,1.80E-05,0.000213624,0,0,0,0,0,0,0.000148519,0.000472328,0.00019378,0,0,0,0,1.43E-05,1.43E-06,0.000232904,0.000801956,0.000358438,0,0,1.28E-07,0,1.32E-07,1.59E-05,0,7.00E-06,7.690598408,3.795521759,3.895076649,8.233443536,32.81944964
753C,753C,Mesh,32.59741666,4.864262545,0,0,0,0,7.26E-05,7.55E-05,4.96E-05,0.000140403,1.48E-06,0.000358251,0,0,0,0,0,1.25E-07,3.89E-05,0.000600209,0.000246744,0,3.00E-07,7.16E-08,0,0.000101142,7.12E-06,0.000167532,0.000800525,0.000575251,0,0,0,0,0,7.42E-06,0,1.65E-05,8.100594806,3.949257028,4.151337778,8.225410766,27.70420244
754A,754A,Mesh,55.10951481,11.22626958,0,0,0,0,3.44E-06,4.48E-05,0.000135912,0.000834565,2.41E-05,0.000639084,0,0,0,0,0,6.07E-07,0.000355748,0.000416186,0.000306901,0,0,0,0,0.000245887,0.000220238,0.000973876,0.000703674,0.000568007,0,0,0,0,0,2.30E-05,0,1.49E-05,7.730581549,3.450979147,4.279602403,17.80337281,62.77932355
754B,754B,Mesh,32.58018215,5.911802115,0,0,0,0,0.000103914,5.93E-05,0.000137651,0.000437433,2.49E-06,0.000132931,0,0,0,0,0,0,0.000175654,0.000253701,0.00025605,0,0,0,0,0.000109433,8.83E-05,0.000605108,0.00045615,0.000401425,0,0,0,0,0,2.05E-05,0,1.79E-05,7.404607901,3.630230405,3.774377496,8.922531731,30.23981836
754C,754C,Mesh,46.87093617,8.241272098,0,0,0,8.67E-07,0.000653942,0.000206647,0.000165463,0.000636812,4.65E-06,2.41E-05,0,0,0,3.00E-06,0,3.73E-05,0.00020742,0.000321873,0.000127512,0,6.45E-07,1.42E-05,0,0.000419743,6.99E-05,0.000832596,0.000490589,0.000313301,0,0,8.79E-05,0,2.57E-06,6.17E-05,0,4.40E-06,7.310427281,2.511458391,4.79896889,18.08950467,52.39191757
755A,755A,Mesh,81.43775108,14.75945889,0,0,0,0,0.000276228,0.00019664,0.000461494,0.001206292,3.16E-05,0.001370744,0,0,0,0,0,0,0.00034045,0.000701215,0.000665671,0,0,1.02E-05,0,3.18E-05,1.95E-06,0.000333013,0.001343334,0.0010009,0,0,7.80E-05,0,9.02E-06,4.59E-05,0,3.93E-05,9.13227344,3.558432304,5.573841136,29.68893062,118.4201531
755C,755C,Mesh,66.58021618,13.65788978,0,0,0,0,0.000301223,0.00011009,0.000245249,0.001131438,3.05E-05,0.000963868,0,0,0,0,0,0,0.000238546,0.000594826,0.000459415,0,0,8.24E-06,0,1.88E-05,6.46E-07,0.000167095,0.001436698,0.00080425,0,0,0.00010813,0,0,1.47E-05,0,2.43E-05,7.798679274,3.712769093,4.085910181,22.76658097,81.60337094
756A,756A,Mesh,28.71153165,5.948408908,0,0,0,0,3.68E-06,7.41E-05,0.00017335,0.000431068,1.37E-05,9.71E-05,0,0,0,0,0,0,0.00022467,0.000522033,0.000181623,0,0,0,0,1.30E-05,6.50E-05,0.000257786,0.000417841,0.000392642,0,0,0,0,0,1.98E-07,0,3.41E-06,8.031579979,3.902271712,4.129308267,7.64886298,34.76578389
756B,756B,Mesh,30.28812625,6.703985233,0,0,0,0,4.27E-06,3.33E-05,0.000153297,0.000434272,9.15E-06,0.000170498,0,0,0,0,0,0,0.000150873,0.000391715,0.000201512,0,0,0,0,5.67E-05,4.60E-05,0.000394302,0.000586526,0.000383117,0,0,0,0,0,6.12E-06,0,7.11E-06,7.741711207,3.701656312,4.040054895,6.796731451,37.82038373
756C,756C,Mesh,40.62110943,6.707103697,0,0,0,0,0,0,0.000213838,0.000493504,3.68E-06,0.000161644,0,0,0,0,0,0,0.00068291,0.000314992,0.000249289,0,0,0,0,9.10E-06,0.000244716,0.000638571,0.000711423,0.000336031,0,0,0,0,0,0,0,2.42E-06,7.037218188,2.63683983,4.400378358,11.20266053,38.34308817
757A,757A,Mesh,30.25705433,5.091122552,0,0,0,0,0,4.18E-05,0.00014073,0.000435494,4.41E-05,0.000109119,0,0,0,0,0,0,0.00047103,0.000298533,0.000123903,0,0,0,0,1.86E-07,3.55E-05,0.000526056,0.000560482,0.000223768,0,0,0,0,0,1.12E-05,0,3.93E-06,6.565634998,2.402293579,4.163341418,7.550409383,31.49099345
757B,757B,Mesh,32.82697298,5.166840218,0,0,0,0,6.26E-06,1.97E-05,0.000133963,0.000371536,6.73E-06,0.000129066,0,0,0,0,0,0,0.000245342,0.000406412,0.000157517,0,0,0,0,4.52E-05,0.00022565,0.000369528,0.000816908,0.000336506,0,0,2.36E-08,0,0,6.02E-07,0,1.17E-05,6.882782837,2.518276322,4.364506515,8.300565483,31.6162132
757C,757C,Mesh,28.26592732,5.137994008,0,0,0,0,4.22E-06,3.86E-06,0.000159122,0.000428749,1.71E-06,0.000150099,0,0,0,0,0,0,0.000321138,0.000178896,0.000142742,0,0,0,0,0.000131881,0.000150451,0.000459955,0.000434965,0.000242832,0,0,0,0,0,1.41E-06,0,1.46E-05,6.548175505,3.117481368,3.430694137,7.011503268,24.33615987
758A,758A,Mesh,41.06136152,7.078800247,0,0,0,0,1.76E-05,5.58E-05,8.23E-05,0.000512865,5.59E-05,8.68E-05,0,0,0,0,0,0,0.000468751,0.000307851,0.000169127,0,0,0,0,0.000310503,0.000375789,0.000751417,0.000527037,0.000349548,0,0,0,0,0,1.20E-06,0,3.37E-05,7.508405804,2.333492281,5.174913522,10.57647774,58.57363209
758B,758B,Mesh,29.89201993,4.470686264,0,0,0,0,7.44E-07,7.78E-05,0.000128391,0.000262992,2.97E-06,0.000202708,0,0,0,0,0,0,0.000385292,0.000260969,0.000182948,0,0,0,0,5.34E-05,0.000151765,0.000548402,0.000423174,0.000225966,0,0,0,0,0,6.75E-05,0,1.42E-05,7.039327721,2.472409167,4.566918554,7.227776339,25.58594978
758C,758C,Mesh,48.49665715,7.86109163,0,0,0,0,0.000396414,3.45E-05,0.000110552,0.00052263,9.43E-06,5.61E-05,0,0,0,0,0,7.60E-06,0.000444734,0.000281324,0.000136309,0,0,0,0,0.000796884,0.000488127,0.000760404,0.000552971,0.000244085,0,0,6.53E-08,0,0,4.65E-06,0,2.92E-06,7.789701899,2.521612438,5.268089461,13.55334137,65.03885035
759A,759A,Mesh,42.41394382,7.361156915,0,0,0,0,1.69E-06,5.31E-06,0.000184577,0.000899032,1.73E-06,0.000283036,0,0,0,0,0,0,0.000236881,0.00061824,0.00036791,0,0,0,0,1.42E-05,7.48E-06,0.000184735,0.00085403,0.000577783,0,0,0,0,0,1.62E-06,0,3.15E-06,6.853757052,2.427455606,4.426301446,10.41847686,43.81353798
759B,759B,Mesh,37.26394782,5.614539472,0,0,0,0,0.000138105,6.05E-05,0.000155371,0.00050463,4.79E-06,0.000211511,0,0,0,0,0,1.63E-06,0.000276258,0.000383029,0.000252151,0,0,0,0,0.000232725,7.89E-06,0.0004027,0.000654608,0.000430676,0,0,2.25E-07,0,2.65E-08,2.19E-06,0,7.43E-06,7.503738226,3.409423467,4.09431476,8.86150102,31.80554451
759C,759C,Mesh,38.63387594,5.669805336,0,0,0,0,1.70E-06,1.73E-05,0.000157423,0.000641239,1.14E-06,0.00026463,0,0,0,0,0,0,0.000171583,0.00061774,0.000293369,0,0,0,0,7.60E-06,1.17E-06,0.000216817,0.000900891,0.000558181,0,0,0,0,0,5.29E-06,0,7.28E-06,8.231572696,3.072557278,5.159015417,7.885880484,43.26185402
760A,760A,Mesh,34.8056971,5.948454859,0,0,0,0,9.95E-05,0.000148015,0.000139674,0.000537673,6.15E-06,0.000120048,0,0,0,0,0,3.40E-07,0.000329684,0.000251471,0.000210132,0,0,0,0,0.000174043,4.38E-05,0.000592874,0.00050652,0.000299683,0,0,0,0,1.79E-07,1.43E-05,0,6.35E-06,6.856084842,2.343709016,4.512375826,8.560586152,34.63699883
760B,760B,Mesh,29.90728089,4.762867507,0,0,0,0,1.50E-06,1.43E-05,0.00026444,0.000674513,2.49E-06,0.00014306,0,0,0,0,0,0,0.00024013,0.000192993,0.000161136,0,0,0,0,7.44E-06,2.17E-05,0.000488898,0.000491591,0.000247769,0,0,0,0,1.21E-06,1.77E-05,0,1.98E-05,8.23487636,3.467010112,4.767866248,7.177320809,28.29628532
760C,760C,Mesh,28.42611534,4.915539412,0,0,0,0,0,4.75E-06,0.000225744,0.000685563,2.28E-05,0.000159715,0,0,0,0,0,0,0.000212623,0.000205,9.74E-05,0,0,0,0,1.65E-05,4.61E-05,0.000409511,0.000528091,0.00021178,0,0,0,0,0,1.28E-06,0,1.58E-05,6.526001372,2.373208025,4.152793347,6.904099308,26.51303041
761A,761A,Mesh,42.89019113,7.710182318,0,0,0,0,8.97E-06,2.27E-05,0.000207408,0.000511541,3.08E-06,0.000174956,0,0,0,0,0,0,0.000494453,0.000455216,0.000275653,0,0,0,0,0.000286905,0.000206274,0.000656316,0.000639616,0.000331237,0,0,0,0,1.66E-07,1.03E-05,0,4.25E-06,7.701317923,3.579235947,4.122081976,11.97222498,47.35801619
761B,761B,Mesh,33.76271463,6.664498391,0,0,0,0,0,4.36E-06,0.000152772,0.000536835,2.91E-06,5.09E-05,0,0,0,0,0,0,0.000543136,0.000327634,0.000151379,0,0,0,0,7.11E-05,0.000202129,0.000463819,0.000614096,0.000250196,0,0,0,0,0,4.49E-07,0,4.59E-06,6.411528235,2.548337899,3.863190336,9.111340443,40.81988908
761C,761C,Mesh,40.5441605,7.443625148,0,0,0,0,4.18E-06,2.13E-06,0.000170752,0.000385404,2.31E-06,0.000193036,0,0,0,0,0,0,0.00046914,0.000272851,0.000274476,0,0,0,0,0.000431011,0.000474655,0.000622503,0.000420206,0.000323726,0,0,0,0,0,1.24E-06,0,6.80E-06,7.692433459,3.919101871,3.773331588,13.39600808,35.79052385
762A,762A,Mesh,97.91486453,21.48065065,0,0,0,5.46E-07,0.000100862,0.000155839,0.00047498,0.001645326,6.54E-06,0.000764749,0,0,0,0,0,1.56E-06,0.000688475,0.000851288,0.000679714,9.58E-08,0,5.40E-07,0,0.000205942,8.46E-05,0.001608769,0.001301519,0.0010592,1.68E-08,0,1.50E-05,0,0,0.000134461,0,1.15E-05,9.257206363,3.681621901,5.575584462,27.79166677,193.1050884
762B,762B,Mesh,60.95055807,14.69273162,0,0,0,0,0.000177847,0.000146209,0.00020855,0.000755731,1.32E-05,0.00118518,0,0,0,0,0,0,0.000273738,0.000450856,0.00059354,0,9.77E-09,6.37E-08,0,9.85E-05,4.71E-05,0.000667041,0.000739758,0.000662015,0,0,3.52E-05,0,1.84E-07,2.39E-05,0,1.64E-05,6.972673002,3.589897643,3.382775358,16.39715076,77.99245979
762C,762C,Mesh,93.01677703,18.16134088,0,0,0,7.16E-06,0.0001784,0.000117731,0.000558701,0.000926405,0.000125096,0.001525222,0,0,0,0,0,0,0.000431776,0.0008478,0.001037718,0,0,3.91E-07,0,2.43E-05,2.60E-05,0.000462507,0.001415658,0.001418634,0,0,5.95E-05,0,7.83E-07,4.04E-05,3.21E-07,9.72E-05,8.765173461,3.416872708,5.348300753,26.30577902,138.7752452
763A,763A,Mesh,34.28958042,5.042102554,0,0,0,0,9.29E-06,5.68E-05,0.000204428,0.000444408,1.18E-06,0.00016924,0,0,0,0,0,5.23E-06,9.90E-05,0.000602458,0.000186819,0,0,1.00E-07,0,3.67E-05,1.69E-05,0.000284958,0.000854295,0.000415315,0,0,2.05E-07,0,6.37E-07,2.80E-05,2.99E-07,1.26E-05,7.060260641,2.437896541,4.6223641,9.751737215,28.40667789
763B,763B,Mesh,40.97185929,6.85406192,0,0,0,0,7.47E-07,1.39E-05,0.000154388,0.000281563,3.37E-05,0.000755197,0,0,0,0,0,0,7.35E-06,0.000285747,0.000655915,0,0,0,0,4.06E-06,0,9.07E-05,0.000779957,0.000995761,0,0,0,0,2.37E-07,4.59E-06,2.08E-08,3.33E-05,8.563293487,3.477884731,5.085408756,10.74235873,47.95111247
763C,763C,Mesh,50.37754933,6.432864227,0,0,0,0,4.04E-05,0.000177584,0.00011458,0.001099429,6.36E-06,0.000262421,0,0,0,0,0,0,0.000306012,0.000656225,0.000285789,0,0,0,0,2.07E-05,7.12E-07,0.00019107,0.001353279,0.000432695,0,0,3.15E-07,0,7.29E-08,7.38E-05,0,1.63E-05,9.472980762,3.783494057,5.689486705,16.74044757,46.10363451
764A,764A,Mesh,41.83586873,9.035066655,0,0,0,0,0.00012275,0.000156813,0.000347831,0.00028831,0.000298938,0.000727893,0,0,0,0,0,0,5.47E-05,0.000135162,0.000299845,0,0,4.62E-08,0,0.000117965,1.23E-05,0.000324816,0.000687215,0.000532685,0,0,1.13E-06,0,3.84E-07,1.80E-05,0,5.68E-05,7.248694817,3.920466319,3.328228498,13.97305069,48.20846971
764B,764B,Mesh,40.60078902,7.829554994,0,0,0,0,0.000150525,0.000182966,4.60E-05,0.000438419,1.88E-05,0.000383206,0,0,0,0,0,1.45E-06,0.000143543,0.000829998,0.000282631,0,0,1.16E-07,0,8.42E-05,5.87E-06,0.000263272,0.00070696,0.000512912,0,0,1.14E-07,0,0,6.45E-06,0,2.65E-06,7.529110234,3.474022315,4.055087918,15.76998746,47.51035027
764C,764C,Mesh,32.11014629,7.069794709,0,0,0,0,0.000160483,2.24E-05,0.000169505,0.000409243,8.64E-06,0.000309465,0,0,0,0,0,0,0.000131027,0.000294695,0.000233108,0,0,2.39E-06,0,0.000213371,2.63E-05,0.000376549,0.000430709,0.000375795,0,0,2.20E-05,0,0,2.40E-05,0,1.38E-06,5.845626416,2.505636644,3.339989772,8.81253149,34.0417889
765A,765A,Mesh,42.75747961,7.478915972,0,0,0,0,4.18E-05,3.32E-05,5.81E-05,0.000569034,4.30E-06,0.000375001,0,0,0,0,0,2.32E-05,0.00057941,0.000699229,0.000293856,0,9.39E-08,0,0,5.10E-05,1.82E-05,0.000384164,0.000711425,0.000418783,0,0,6.09E-06,0,1.71E-07,5.74E-06,0,2.88E-06,7.655589552,3.005814633,4.649774919,12.95030058,49.48698342
765B,765B,Mesh,26.48837927,4.801888024,0,0,0,0,0,1.67E-06,7.37E-05,0.000557966,3.72E-06,0.000253095,0,0,0,0,0,2.92E-07,0.000223053,0.000352039,0.000176935,0,0,0,0,1.47E-06,0,0.000133453,0.000551235,0.000312933,0,0,0,0,0,1.64E-07,0,7.12E-06,6.168846374,2.641935128,3.526911246,6.49491121,20.48359483
765C,765C,Mesh,38.48119943,6.98691506,0,0,0,0,1.55E-05,1.33E-05,6.18E-05,0.000796988,1.18E-05,0.000220967,0,0,0,0,0,8.01E-06,0.00041012,0.000652274,0.000254587,0,1.20E-06,1.81E-07,0,3.28E-05,3.65E-06,0.000168165,0.000694654,0.000495991,0,0,5.33E-07,0,0,5.91E-07,0,5.00E-06,7.166174649,2.560908041,4.605266607,10.88013743,51.24434287
766A,766A,Mesh,45.98456692,8.472113152,0,0,0,0,1.81E-06,2.36E-05,0.000179241,0.000695436,9.21E-06,0.0002254,0,0,0,0,0,4.08E-07,0.000421434,0.000655848,0.000267871,0,0,0,3.79E-07,1.67E-05,0.000104941,0.000467473,0.000931003,0.000587504,0,0,0,0,0,3.89E-06,0,6.31E-06,6.871260157,2.573497026,4.297763131,10.9194868,55.90035302
766B,766B,Mesh,35.14901222,6.475797039,0,0,0,0,1.38E-05,7.73E-05,5.87E-05,0.000569598,2.09E-05,0.000281444,0,0,0,0,0,0,0.000394474,0.000496703,0.000293787,0,0,0,0,4.72E-06,1.54E-07,0.000213057,0.000587806,0.000494193,0,0,0,0,0,1.02E-06,0,7.23E-06,6.661145912,2.361119321,4.300026592,8.383931965,41.6506149
766C,766C,Mesh,33.48586093,5.393346511,0,0,0,0,1.90E-05,5.41E-06,0.000184192,0.000372516,1.67E-06,9.95E-05,0,0,0,0,0,0,0.000306864,0.000529714,0.000174898,0,0,0,0,0.000127885,0.000192759,0.000362709,0.000543428,0.000416277,0,0,0,0,0,4.53E-06,0,7.27E-06,7.754027807,2.436741182,5.317286625,9.591423451,36.68463742
767A,767A,Mesh,27.89029596,4.778889898,0,0,0,0,2.03E-05,2.14E-05,0.000128103,0.000211797,4.75E-05,0.000203296,0,0,0,0,0,2.29E-07,0.00027254,0.000158937,0.000194021,0,0,0,0,0.00014851,0.000307929,0.000403075,0.000392391,0.000262051,0,0,6.29E-07,0,8.04E-08,7.47E-07,0,1.54E-05,6.943789361,3.18606905,3.757720311,6.654024097,25.30761849
767B,767B,Mesh,33.87014366,6.399826596,0,0,0,0,0.000288222,6.24E-06,0.00010969,0.000412955,4.04E-06,7.40E-05,0,0,0,0,0,7.82E-05,0.000372289,0.000494527,0.000168251,0,1.72E-06,8.26E-07,1.85E-05,0.000229293,0.000174484,0.000145908,0.000529098,0.000273589,0,0,2.13E-07,0,0,6.37E-07,0,4.26E-06,6.772081114,2.610524848,4.161556266,9.294575109,37.65916292
767C,767C,Mesh,27.019381,4.53760627,0,0,0,0,9.73E-05,5.66E-05,2.90E-05,0.000278962,1.54E-06,0.00015627,0,0,0,0,0,0,0.000499091,0.000181677,0.000154073,0,0,0,0,0.000153534,0.000178903,0.000333484,0.000290719,0.000250894,0,0,0,0,1.49E-06,2.56E-05,0,1.28E-05,6.705434121,2.432556277,4.272877844,7.338224189,23.92564989
768A,768A,Mesh,47.10869761,8.792798461,0,0,0,0,1.21E-05,4.00E-05,9.60E-05,0.000621199,7.64E-05,0.000351174,0,0,0,0,0,7.64E-07,0.000354031,0.000552706,0.000343359,0,0,0,0,3.66E-05,9.51E-05,0.000578984,0.000933708,0.000590052,0,0,0,0,0,2.74E-06,0,2.59E-05,6.869734049,3.085210893,3.784523157,14.16107876,49.02291891
768B,768B,Mesh,58.08491837,12.02891284,0,0,0,0,0.000455018,0.000125508,5.64E-05,0.000637965,2.37E-05,0.000393258,0,0,0,2.96E-07,0,5.07E-07,0.000394138,0.000653078,0.000301857,0,8.65E-07,1.39E-07,0,0.000640886,0.000204365,0.000699265,0.000672123,0.000525512,0,0,5.15E-06,0,0,1.42E-05,0,4.33E-06,8.483865077,3.620545243,4.863319834,25.74160384,84.84213653
768C,768C,Mesh,37.5917452,8.071550795,0,0,0,0,0.000282128,8.22E-05,8.82E-05,0.000348972,2.19E-05,0.000265267,0,0,0,2.41E-06,0,1.85E-05,0.000189413,0.000352435,0.000346359,0,6.62E-07,6.22E-07,0,0.000386468,0.000118522,0.000449133,0.000390702,0.000388859,0,0,5.56E-07,0,0,2.37E-05,0,2.23E-06,7.437055941,4.044540261,3.39251568,12.41509142,40.03270813
769A,769A,Mesh,38.7799187,6.064005038,0,0,0,0,1.93E-06,3.51E-05,0.000111325,0.000376876,1.02E-05,0.000426801,0,0,0,0,0,0,0.000398536,0.00038175,0.000235536,0,0,0,0,9.95E-05,0.000229932,0.000549836,0.000570751,0.000428465,0,0,0,0,0,6.14E-06,0,1.53E-05,7.906770793,3.917840317,3.988930477,11.66518771,34.31837781
769B,769B,Mesh,33.54806384,4.488273424,0,0,0,0,2.06E-05,8.10E-05,0.000115497,0.000522652,0,0.000313775,0,0,0,0,0,0,0.000281491,0.000403656,0.00024142,0,0,0,0,1.83E-05,5.64E-06,0.000409144,0.000535249,0.000372104,0,0,0,0,0,3.00E-05,0,4.20E-06,7.24967824,2.603688324,4.645989917,8.701135344,26.09002016
769C,769C,Mesh,36.16692797,5.95850023,0,0,0,0,4.78E-06,3.51E-05,0.000143444,0.000474145,6.05E-06,0.000280697,0,0,0,0,0,0,0.00023868,0.000617561,0.000220099,0,0,0,0,1.07E-05,2.83E-05,0.000446848,0.000669151,0.000431597,0,0,0,0,0,3.20E-07,0,9.23E-06,6.921246196,2.529027398,4.392218798,11.50832635,38.69111888
770A,770A,Mesh,42.35145662,6.944931843,0,0,0,0,0.000282099,1.25E-05,0.000176358,0.0003827,4.07E-06,8.37E-05,0,0,0,0,0,1.53E-05,0.000389602,0.00043122,0.000179618,0,3.56E-07,0,6.67E-07,0.000361379,0.000297661,0.000437579,0.00074974,0.000418192,0,0,0,0,0,4.36E-06,0,8.14E-06,7.994988981,3.648444053,4.346544928,9.692584666,39.61499956
770B,770B,Mesh,54.54881895,11.20093592,0,0,0,4.89E-07,0.000720313,0.000177134,7.70E-05,0.000450974,1.20E-05,8.26E-05,0,0,0,0,0,5.72E-06,0.000660474,0.000560067,0.000203511,0,0.000107152,3.42E-05,6.82E-07,0.000435774,0.000283691,0.00055032,0.000638589,0.000432854,0,0,4.47E-06,0,0,1.49E-05,0,1.96E-06,8.721172233,3.054420921,5.666751312,15.06889887,82.66032925
770C,770C,Mesh,44.52780489,8.922355908,0,0,0,0,0.000379538,5.69E-05,7.95E-05,0.000345306,2.39E-06,5.16E-05,0,0,0,0,0,4.15E-05,0.000677681,0.000440536,0.000118486,0,2.81E-06,1.05E-06,6.18E-06,0.000491198,0.000327164,0.000564661,0.000460921,0.000389104,0,0,9.06E-07,0,0,1.30E-05,0,2.34E-06,8.756952153,4.173792064,4.583160089,13.20969242,53.81583196
771A,771A,Mesh,35.02683743,7.215801254,0,0,0,0,0.000120798,0.000158312,0.000181488,0.000380471,3.40E-06,0.000238058,0,0,0,0,0,1.71E-07,0.000183986,0.000489878,0.000331408,0,0,0,0,3.35E-05,1.72E-05,0.000335307,0.000476612,0.000487662,0,0,8.09E-06,0,2.50E-06,4.40E-05,0,9.82E-06,7.31957791,3.480692182,3.838885728,10.26943112,38.05118868
771B,771B,Mesh,46.07384413,8.411423068,0,0,0,0,9.15E-06,6.25E-05,0.000243675,0.000568718,6.06E-06,0.000260266,0,0,0,0,0,0,0.000262165,0.000684838,0.000297535,0,3.28E-07,1.88E-07,0,8.35E-05,0.000119224,0.000620746,0.000772057,0.000587153,0,0,0,0,6.56E-07,2.80E-05,0,5.50E-07,8.915272981,3.673927649,5.241345332,13.44995218,62.06575869
771C,771C,Mesh,58.90093425,13.02218068,0,0,0,0,0.000134932,0.000216842,6.51E-05,0.000795783,1.06E-05,0.000941829,0,0,0,0,0,0,0.000413157,0.000600469,0.000570215,0,0,0,0,7.12E-05,7.88E-05,0.000638777,0.000619466,0.000709286,0,0,1.25E-06,0,0,2.22E-05,0,0,6.963337699,3.225470473,3.737867226,17.92666364,72.77237557
772A,772A,Mesh,54.49341639,13.74290864,0,0,0,0,3.47E-05,9.36E-05,0.000167361,0.000782338,1.20E-05,0.00068387,0,0,0,0,0,0,0.000286142,0.000513669,0.000494792,0,0,0,0,8.94E-05,6.73E-05,0.001070492,0.000549826,0.000575094,0,0,0,0,0,2.18E-05,0,6.94E-06,7.034412621,3.354462594,3.679950027,17.03463173,80.38131064
772B,772B,Mesh,38.709228,6.919968227,0,0,0,0,8.86E-07,1.04E-06,0.000387959,0.000591019,1.26E-06,0.000305189,0,0,0,0,0,2.55E-08,0.000275148,0.000365812,0.000329918,0,0,0,0,5.17E-05,6.56E-05,0.000369454,0.000591483,0.000519721,0,0,0,0,0,7.26E-07,0,1.40E-05,7.368307314,3.143782284,4.224525029,10.37454348,39.743585
772C,772C,Mesh,73.33525367,15.48117843,0,0,0,0,2.75E-05,8.25E-05,0.000281343,0.001271454,1.08E-05,0.000525406,0,0,0,0,0,4.32E-07,0.000268436,0.000944861,0.000572866,0,0,0,0,0.000169345,8.98E-05,0.000868183,0.001242468,0.000928637,0,0,0,0,0,4.53E-05,0,4.19E-06,8.511720471,3.552566503,4.959153968,21.22090959,114.4763279
773A,773A,Mesh,52.38471252,15.59673553,0,0,0,0,0.000585653,0.000376997,0.000235798,0.00044874,4.23E-06,0.000558298,0,0,0,0,0,1.17E-06,0.000142818,0.000397929,0.000510572,0,2.03E-06,3.44E-06,0,0.000216597,3.42E-05,0.000634635,0.000391542,0.000465388,0,0,4.50E-05,0,1.58E-05,0.000167594,0,0,5.794314447,2.512577513,3.281736935,19.15703279,67.97956
773B,773B,Mesh,57.26997438,13.4477579,0,0,0,4.36E-07,0.000166311,0.000167813,2.73E-05,0.000496165,8.87E-08,0.000752211,0,0,0,0,0,0,0.000599683,0.0004805,0.000548504,0,1.36E-06,7.04E-07,0,0.000334002,0.000251688,0.000891037,0.000432885,0.000536745,0,0,3.06E-05,0,0,8.84E-06,0,1.23E-07,6.042088438,3.014181588,3.027906851,16.90763197,62.6994234
773C,773C,Mesh,83.05467309,18.27179507,0,0,0,0,0.000325904,0.000108922,6.24E-05,0.001022018,2.53E-07,0.000867403,0,0,0,0,0,0,0.000660563,0.000968977,0.000720986,0,0,6.77E-07,6.19E-09,0.00030404,0.000166617,0.000940907,0.001091395,0.001019398,0,0,6.50E-06,0,0,3.56E-05,0,2.85E-06,8.682555119,3.620866905,5.061688214,29.65502667,129.1751293
774A,774A,Mesh,46.89480428,8.184798044,0,0,0,0,0.000422402,0.000121185,7.21E-05,0.000587219,2.91E-06,9.86E-05,0,0,0,0,0,3.60E-05,0.000422165,0.000318144,0.000181665,0,5.89E-07,3.35E-07,1.85E-07,0.000627591,0.000299638,0.000706312,0.000482552,0.000300283,0,0,0,0,0,7.44E-06,0,2.30E-06,8.444826111,3.915887042,4.528939069,14.43812198,54.39517406
774B,774B,Mesh,35.10766092,6.633175146,0,0,0,0,0.00012325,8.50E-06,0.000166774,0.00045909,2.96E-06,9.67E-05,0,0,0,0,0,4.03E-08,0.00030506,0.000381051,0.00016276,0,0,0,0,0.00029361,0.000216881,0.0003586,0.000661998,0.000262179,0,0,0,0,0,2.45E-06,0,8.88E-06,7.048519701,3.153271589,3.895248111,10.12374252,36.3354516
774C,774C,Mesh,39.02200945,8.364565733,0,0,0,0,0.000198355,0.000166018,2.87E-05,0.000427142,1.36E-06,0.00025048,0,0,0,0,0,1.98E-06,0.000391641,0.000317009,0.000164766,0,2.35E-06,1.71E-06,0,0.000342833,0.000271678,0.000634216,0.000424758,0.000238463,0,0,1.03E-05,0,0,2.84E-05,0,0,6.916113222,3.015015027,3.901098196,12.24740396,51.72320689
775A,775A,Mesh,76.42641274,13.29601899,0,0,0,0,0.00020701,0.000206603,7.25E-05,0.000739881,1.50E-06,0.000528559,0,0,0,0,0,6.48E-07,0.000951158,0.000740727,0.000379341,0,2.43E-07,2.17E-06,0,0.000559162,0.000451893,0.001239605,0.000958479,0.000568519,0,0,1.21E-05,0,0,2.17E-05,0,9.13E-07,7.914623114,2.508824042,5.405799072,24.29158407,110.558813
775B,775B,Mesh,78.52986986,16.51252983,0,0,0,0,0.000181348,6.25E-05,0.000164407,0.000889055,2.95E-05,0.000585611,0,0,0,0,0,7.37E-06,0.000807358,0.000424139,0.000445383,0,0,0,0,0.001024631,0.000651876,0.001501124,0.000587228,0.000481695,0,0,1.13E-06,0,2.12E-07,2.59E-06,0,5.82E-06,7.727925338,3.481165534,4.246759804,27.09000469,118.0186385
775C,775C,Mesh,70.24736739,10.38414697,0,0,0,0,8.03E-05,5.32E-05,0.000242031,0.000830339,4.60E-06,0.00044097,0,0,0,0,0,1.34E-07,0.000599114,0.000623716,0.000413184,0,0,0,0,0.000518636,0.000373454,0.001263446,0.000892899,0.000667904,0,0,5.38E-07,0,0,1.17E-05,0,8.63E-06,8.93562168,3.657207575,5.278414104,20.52868538,69.19290776
909A,909A,Mesh,78.59121971,16.74277449,0,0,0,8.38E-06,0.001664373,0.000255933,0.000284547,0.000546601,2.67E-05,0.000186154,0,0,0,0,0,6.43E-08,0.000285854,0.000278118,0.000237121,0,1.84E-05,9.90E-05,0,0.001152199,0.000259484,0.001038542,0.000513218,0.000336285,0,0,0.000493691,0,5.58E-05,0.000101473,0,1.71E-05,7.705520937,2.692339391,5.013181547,38.31664798,111.8352908
909B,909B,Mesh,51.75077204,10.00190665,0,0,0,0,7.72E-07,1.58E-06,0.000107316,0.0005647,3.84E-05,0.000321855,0,0,0,0,0,1.00E-07,0.000768711,0.000659945,0.000321294,0,5.61E-08,1.66E-08,4.87E-08,1.77E-05,0.00010723,0.000776288,0.000889961,0.000593795,0,0,0,0,0,0,0,5.30E-06,6.830300136,2.453664383,4.376635752,17.48461817,63.01653204
909C,909C,Mesh,36.54869975,8.054882164,0,0,0,0,0.000342935,0.00026033,6.13E-05,0.000439861,2.35E-05,0.000143801,0,0,0,0,0,0,0.00020447,0.000346469,0.000223606,0,1.80E-07,2.00E-06,0,0.00019731,9.64E-05,0.000492049,0.000455313,0.000329799,0,0,1.29E-05,0,1.93E-06,1.21E-05,0,8.61E-06,5.876670841,2.551660197,3.325010643,12.07606535,36.16356348
910A,910A,Mesh,41.78753149,8.299199223,0,0,0,0,2.83E-05,0.000123059,0.00045657,0.000481308,2.48E-05,0.000395625,0,0,0,0,0,0,7.74E-05,0.000333692,0.00030208,0,0,0,0,4.97E-05,5.49E-06,0.000502326,0.000731482,0.000582088,0,0,0,0,1.31E-06,7.08E-05,0,1.27E-05,6.755331209,2.88148575,3.873845459,11.58354516,50.26749523
910B,910B,Mesh,29.72594479,5.930308591,0,0,0,0,8.09E-08,3.70E-06,0.000275129,0.00066784,4.69E-06,0.000284645,0,0,0,0,0,0,0.000100647,0.000223709,0.000219861,0,0,0,0,7.00E-06,9.33E-07,0.000255943,0.000616541,0.000286001,0,0,0,0,0,1.51E-05,0,1.08E-05,6.739102547,3.544419236,3.194683311,8.19916598,27.11329423
910C,910C,Mesh,39.0846715,7.215909159,0,0,0,0,2.48E-05,6.25E-05,0.000428695,0.000376187,6.72E-06,0.000285683,0,0,0,0,0,0,6.15E-05,0.000335755,0.000251875,0,0,0,0,0.000129617,7.64E-06,0.000532153,0.000757563,0.000561724,0,0,0,0,9.36E-08,6.43E-05,0,2.17E-05,7.95863358,3.628442277,4.330191303,11.03512094,45.12097362
911A,911A,Mesh,36.34571712,5.392283862,0,0,0,0,1.23E-05,1.20E-05,0.000103128,0.000371309,2.19E-05,0.000251868,0,0,0,0,0,0,0.000517666,0.000238482,0.000167418,0,0,0,0,0.000253267,0.00020265,0.000507931,0.000578013,0.000365883,0,0,0,0,0,8.18E-07,0,3.00E-05,8.457262218,3.688467456,4.768794762,8.878991221,35.63644194
911B,911B,Mesh,43.47080602,7.587417361,0,0,0,0,3.54E-05,8.29E-05,0.000161973,0.000649585,2.40E-05,0.000143316,0,0,0,0,0,8.05E-08,0.000518183,0.00030855,0.000301985,0,0,0,0,0.000136102,0.000220476,0.000752061,0.000533809,0.000430567,0,0,0,0,0,1.49E-05,0,3.32E-05,7.380645105,2.466394506,4.914250599,10.42454739,50.81388151
911C,911C,Mesh,54.36599361,11.45095407,0,0,0,0,0.000405007,0.000163071,0.000136029,0.000623686,2.99E-05,0.000121815,0,0,0,0,0,0,0.000409585,0.000368447,0.000160154,0,4.85E-07,2.01E-06,0,0.000655422,0.000247957,0.000998113,0.000555893,0.000464251,0,0,3.10E-05,0,6.80E-06,4.43E-05,0,1.26E-05,7.202444346,3.584515779,3.617928567,14.95700479,59.10305673
912A,912A,Mesh,42.84384066,9.391583829,0,0,0,0,1.16E-05,1.26E-05,8.75E-05,0.000560862,2.21E-06,0.000388281,0,0,0,0,0,0,0.000596085,0.000340897,0.000416106,0,0,0,0,3.12E-05,0.00010139,0.000778064,0.000483826,0.000468546,0,0,0,0,0,2.80E-06,0,2.31E-06,6.647203957,3.077429969,3.569773988,11.79946852,45.43507724
912B,912B,Mesh,32.10049675,6.252371415,0,0,0,0,2.72E-06,1.66E-05,0.000113496,0.000489422,7.95E-07,0.000142423,0,0,0,0,0,0,0.000362947,0.00059545,0.000182717,0,0,0,0,1.12E-06,6.40E-07,0.000199491,0.000760305,0.000325623,0,0,0,0,0,1.40E-05,0,2.29E-06,7.355824621,2.555303363,4.800521258,9.544351875,42.0628396
912C,912C,Mesh,38.98375866,7.440088014,0,0,0,0,6.08E-07,1.29E-06,3.65E-05,0.000452649,1.18E-05,0.000214444,0,0,0,0,0,2.65E-07,0.000611504,0.000434372,0.000247711,0,6.09E-08,2.17E-08,7.95E-08,1.85E-05,0.000169071,0.000637787,0.000630474,0.000421535,0,0,0,0,0,0,0,9.63E-06,6.613043134,2.794374747,3.818668387,10.95235186,41.24904789
913A,913A,Mesh,31.87222658,6.199270938,0,0,0,0,9.62E-07,5.14E-05,0.000151318,0.000338895,1.86E-05,0.000189161,0,0,0,0,0,0,0.000167291,0.000532722,0.000308085,0,0,0,0,1.33E-05,1.34E-05,0.000294057,0.000511205,0.000588606,0,0,0,0,0,1.37E-06,0,6.79E-06,7.591418725,3.603544524,3.987874201,11.60807096,33.09332083
913B,913B,Mesh,39.86880883,6.737882357,0,0,0,0,1.11E-05,5.46E-05,0.000148046,0.000722312,4.62E-06,0.000328297,0,0,0,0,0,7.13E-08,0.000361789,0.000485349,0.000254387,0,4.51E-08,5.89E-08,7.63E-08,9.03E-06,3.45E-05,0.000373826,0.000745742,0.000437644,0,0,2.01E-07,0,0,1.04E-05,0,4.77E-06,7.316365126,3.445599433,3.870765694,10.05677489,37.14193574
913C,913C,Mesh,34.25166227,5.525450168,0,0,0,0,4.09E-06,9.29E-06,0.000239978,0.000569807,8.14E-06,0.000181235,0,0,0,0,0,3.85E-07,0.000214192,0.000537962,0.000201211,0,0,0,0,1.68E-05,5.87E-06,0.000223583,0.000751457,0.00045409,0,0,1.59E-07,0,0,1.36E-07,0,6.76E-06,8.455891465,4.221166189,4.234725276,10.66027401,30.74990122
914A,914A,Mesh,47.9425748,7.145379301,0,0,0,0,0.000550021,1.58E-05,0.000128813,0.000322714,1.59E-05,0.000167102,0,0,0,0,0,1.43E-05,0.000589136,0.000275761,0.000168546,0,2.72E-05,1.40E-05,2.81E-07,0.000497265,0.000445157,0.000516607,0.00051611,0.000480782,0,0,1.95E-06,0,0,3.00E-06,0,4.38E-05,8.446926217,3.631132226,4.815793991,14.05875086,43.63273297
914B,914B,Mesh,55.11491514,6.579349068,0,0,0,0,0.000744487,0.000101651,0.000143963,0.000333192,2.37E-05,3.03E-05,0,0,0,0,0,2.23E-05,0.000725022,0.00028878,0.000121969,0,7.71E-05,4.48E-05,3.40E-06,0.000559835,0.000510914,0.0007903,0.000586883,0.000297101,0,0,2.91E-05,0,0,2.31E-05,0,5.36E-05,9.597576845,3.526595842,6.070981003,17.77656121,55.41083789
914C,914C,Mesh,44.6475961,7.844358699,0,0,0,2.78E-07,0.000390524,9.28E-05,3.06E-05,0.000356646,3.28E-05,7.16E-06,0,0,0,1.42E-06,0,3.76E-06,0.000877211,0.000333057,9.84E-05,0,3.50E-05,7.02E-06,2.23E-07,0.000397514,0.000401941,0.000653551,0.000468478,0.000233221,0,0,1.96E-05,0,0,2.94E-06,0,2.07E-05,7.813313075,3.550722607,4.262590467,16.39875688,45.53186751
915A,915A,Mesh,33.56838049,5.866533914,0,0,0,0,0,3.51E-06,5.21E-05,0.000417069,3.24E-05,0.000295096,0,0,0,0,0,0,0.000323394,0.000604321,0.000285183,0,0,0,0,0,9.73E-08,4.52E-05,0.000807734,0.000481171,0,0,0,0,0,0,0,9.49E-06,6.416122251,2.591282018,3.824840233,8.868680343,32.92114767
915B,915B,Mesh,31.99863092,4.691374616,0,0,0,0,6.86E-06,3.27E-05,0.000202615,0.000682884,5.19E-06,2.32E-05,0,0,0,0,0,4.75E-07,0.000326501,0.000254293,1.80E-05,0,0,1.40E-07,0,5.51E-05,9.33E-05,0.000656687,0.000633952,0.000189315,0,0,5.41E-07,0,4.62E-07,3.07E-06,0,1.45E-05,7.549215503,2.680722609,4.868492893,11.21655473,29.41053132
915C,915C,Mesh,37.29950703,5.995429891,0,0,0,0,0,1.19E-06,0.000107608,0.000348351,5.08E-05,0.000275286,0,0,0,0,0,0,0.000356603,0.000374694,0.000269548,0,0,0,0,0.000126199,0.000229272,0.000425588,0.00067408,0.0004796,0,0,0,0,0,2.95E-07,0,1.09E-05,6.886202265,2.894716148,3.991486117,10.5781869,32.81220427
916A,916A,Mesh,36.94819551,6.194205461,0,0,0,0,5.64E-05,5.54E-05,7.75E-05,0.000351558,2.21E-06,0.000255902,0,0,0,0,0,9.69E-06,0.000276059,0.000471131,0.000289292,0,0,0,2.50E-07,0.000214756,0.000255874,0.000386205,0.000528504,0.000459092,0,0,1.52E-07,0,0,2.05E-06,0,2.85E-06,6.867284849,2.629800629,4.23748422,10.61619608,34.02793395
916B,916B,Mesh,33.00761344,5.035951824,0,0,0,0,1.86E-07,0.000178087,0.000189777,0.000244251,7.04E-06,9.47E-05,0,0,0,0,0,0,0.000221463,0.000473575,0.000188977,0,0,0,0,1.28E-05,0.000183408,0.000312196,0.000487418,0.000608579,0,0,0,0,0,2.94E-05,0,6.89E-05,6.470964028,2.342503383,4.128460645,9.433313712,27.64737098
916C,916C,Mesh,58.91894343,11.94891277,0,0,0,0,3.76E-06,3.67E-05,4.91E-05,0.000915088,3.11E-05,0.000592305,0,0,0,0,0,2.11E-06,0.000549689,0.001012082,0.000412372,0,0,0,0,2.90E-05,2.34E-06,0.000503461,0.001061053,0.000684245,0,0,0,0,0,8.22E-07,0,6.78E-06,9.183099059,3.983896525,5.199202533,16.17139231,90.01940509
917A,917A,Mesh,47.58478448,8.423048946,0,0,0,7.52E-07,0.000827543,0.000173754,0.000290438,0.000554778,1.33E-06,0.000141879,0,0,0,0,0,0,0.00020165,0.000295432,0.000150008,0,3.79E-06,2.50E-05,0,0.000441576,6.65E-05,0.000716653,0.000525211,0.000265102,0,0,4.53E-06,0,0,7.08E-05,0,1.68E-06,7.551924527,2.960339891,4.591584637,17.84309511,57.43507532
917B,917B,Mesh,36.62341769,6.702591953,0,0,0,0,2.84E-05,0.000194854,9.25E-05,0.000545307,1.72E-05,0.000255967,0,0,0,0,0,0,0.000346248,0.000433232,0.000263707,0,0,0,0,7.18E-07,0,9.60E-05,0.000743681,0.000476557,0,0,9.15E-08,0,5.99E-05,7.84E-05,0,2.96E-05,8.006372138,3.388868588,4.61750355,11.33574049,44.00595236
917C,917C,Mesh,35.0917883,6.412044676,0,0,0,0,0.000326115,6.53E-05,0.000121194,0.000459554,5.82E-06,2.56E-05,0,0,0,0,0,0,0.000314845,0.000275221,0.000126557,0,5.68E-07,1.78E-05,0,0.000403903,0.000156822,0.00046041,0.00048308,0.000228978,0,0,1.66E-05,0,0,1.78E-05,0,3.02E-06,7.276794668,3.538153635,3.738641033,13.64297373,33.60144379
918A,918A,Mesh,37.9085853,7.315031014,0,0,0,0,0.000404846,4.81E-05,0.000108682,0.000472433,9.07E-06,0.000111121,0,0,0,0,0,2.76E-06,0.000317709,0.000436935,0.000249499,0,4.43E-06,9.23E-06,1.49E-06,0.000288332,0.000147544,0.000287982,0.000375738,0.000501296,0,0,3.73E-06,0,0,5.35E-06,0,4.53E-06,6.013056943,2.567100296,3.445956647,11.20580475,35.94321063
918B,918B,Mesh,37.92872661,7.818455596,0,0,0,0,5.62E-05,2.42E-05,0.000114687,0.000554923,4.26E-06,0.000106669,0,0,0,0,0,7.61E-07,0.000326093,0.000373316,0.000219881,0,1.12E-07,7.40E-08,5.98E-08,0.000342658,0.000231462,0.000540749,0.000539621,0.000345493,0,0,0,0,0,1.87E-06,0,9.83E-06,5.891993872,2.428173122,3.46382075,10.91852149,39.78569641
918C,918C,Mesh,42.00313226,9.339582031,0,0,0,2.56E-06,0.0008084,0.000119002,2.00E-05,0.000376792,1.50E-06,9.58E-05,0,0,0,0,0,3.67E-05,0.000255754,0.00039056,0.000213874,0,6.73E-05,6.88E-05,1.48E-07,0.000322304,0.000148216,0.000449169,0.000374546,0.000274048,0,0,0.000145019,0,0,2.98E-05,0,0,5.976529098,2.423005558,3.553523539,17.21817912,48.3108748
654C,654C,Mesh,59.92500975,17.98771915,0,0,0,0,0.000142191,0.000129832,0.000379961,0.00069037,7.88E-06,0.000791345,0,0,0,0,0,0,0.000230489,0.000673712,0.000638282,0,6.37E-07,2.22E-07,0,0.000120759,4.50E-06,0.000629676,0.000642469,0.000782025,0,0,1.78E-06,0,9.86E-06,0.000107751,0,8.75E-06,7.470188458,3.95120654,3.518981918,16.36878779,95.2719439
655A,655A,Mesh,33.50908644,6.554857158,0,0,0,0,0.000535591,4.10E-05,6.44E-05,0.000334743,7.48E-06,0.000162534,0,0,0,0,0,1.12E-06,0.000209188,0.000145251,0.000205722,0,6.48E-07,6.12E-08,0,0.000522924,0.00018292,0.00034364,0.000308638,0.000246553,0,0,8.28E-08,0,8.06E-07,1.49E-05,0,2.27E-05,7.574766589,3.634545048,3.940221541,9.582221009,31.57784181
655B,655B,Mesh,42.36372151,6.897309921,0,0,0,2.72E-07,0.00079701,3.01E-05,0.000170263,0.000287749,1.05E-05,0.000268245,0,0,0,0,0,3.01E-05,0.000145955,0.00022609,0.000262361,0,0.00016984,0.00012045,3.01E-06,0.000358944,0.000192448,0.000333107,0.000441707,0.00035157,0,0,8.75E-06,0,0,2.21E-06,0,2.57E-05,8.30715278,3.196485705,5.110667075,11.2836882,49.39491815
655C,655C,Mesh,43.64496425,10.63253305,0,0,0,0,0.000250298,0.000111599,0.000126375,0.000641429,2.80E-05,9.91E-05,0,0,0,0,0,0,0.000263772,0.000300033,0.000246029,0,8.68E-08,0,0,0.000586295,0.00017077,0.000683031,0.000488764,0.000319737,0,0,4.68E-06,0,2.05E-06,2.22E-05,0,2.02E-05,5.72632174,2.556036352,3.170285389,12.20872983,47.18107628
656A,656A,Mesh,63.9857015,8.509927642,0,0,0,0,0.000206175,0.00015335,0.000208267,0.001195604,9.24E-07,9.12E-05,0,0,0,0,0,5.35E-07,0.000475271,0.000856595,0.000211417,0,0,2.04E-06,0,0.00026326,6.80E-05,0.000989477,0.001058202,0.000492052,0,0,5.23E-05,0,3.10E-06,6.87E-05,0,2.07E-06,10.53496107,3.46608564,7.06887543,23.77326784,90.62653718
656B,656B,Mesh,116.1699496,24.70104706,0,0,0,0,0.000222603,0.000219021,0.000505926,0.001464611,7.41E-06,0.001481511,0,0,0,0,0,4.82E-06,0.000603228,0.000955775,0.000967173,0,0,4.64E-06,7.75E-08,0.000381937,0.000206654,0.001707745,0.00134266,0.001351338,0,0,1.62E-05,0,2.67E-05,0.00011821,0,2.87E-05,9.392165795,2.942422428,6.449743368,38.65068815,239.7747876
656C,656C,Mesh,79.39999833,16.6675859,0,0,0,0,0.000153901,0.000206069,0.000302337,0.001038033,1.88E-05,0.000615198,0,0,0,0,0,0,0.000548181,0.000710016,0.000505235,0,0,1.62E-06,0,0.000419628,0.000175115,0.001256926,0.001119266,0.000767379,0,0,0,0,6.16E-06,8.31E-05,0,1.31E-05,10.26587145,3.487906782,6.77796467,23.90020966,159.6725797
657A,657A,Mesh,38.11849449,4.921606889,0,0,0,0,6.18E-08,8.97E-06,0.000125409,0.000307098,1.28E-05,0.000138104,0,0,0,0,0,0,0.000533884,0.000371238,0.000241772,0,0,0,0,0.000133007,0.000224599,0.000713931,0.000541595,0.000404054,0,0,0,0,0,7.66E-06,0,4.77E-05,9.296186778,3.753474883,5.542711895,10.90163918,35.80500175
657B,657B,Mesh,45.07633591,7.388592749,0,0,0,0,0.000152664,0.000204319,7.33E-05,0.000375109,8.09E-06,0.000316057,0,0,0,0,0,9.01E-07,0.000339714,0.000359809,0.000372129,0,0,0,9.63E-07,0.000487013,0.000247953,0.000606483,0.000434937,0.000401877,0,0,3.52E-08,0,3.36E-07,9.44E-05,0,3.16E-05,8.112086532,3.459838285,4.652248248,13.34013552,49.98813793
657C,657C,Mesh,45.1304945,7.301620414,0,0,0,0,0.000155946,9.87E-05,0.000143426,0.00026589,1.06E-05,0.00041049,0,0,0,0,0,1.18E-06,0.000496832,0.000401898,0.000396013,0,0,1.65E-06,3.79E-07,0.000315435,0.00034049,0.000474102,0.000440784,0.000465978,0,0,9.41E-06,0,0,3.31E-05,0,5.08E-05,8.124566085,3.609728979,4.514837106,14.68205536,41.06367069
6076,6076,Mesh,30.20885414,5.725821474,0,0,0,0,4.35E-06,3.18E-05,4.97E-05,0.000228028,0.000125532,8.09E-05,0,0,0,0,0,8.05E-07,0.000151859,0.000432863,0.000301276,0,0,0,0,2.38E-05,4.24E-05,0.000227367,0.000539268,0.000748474,0,0,0,0,0,1.21E-08,0,3.25E-05,7.063266514,2.956745021,4.106521493,9.483186267,30.47213713
2769,2769,Mesh,25.44482367,5.618505906,0,0,0,0,0.000193251,0.00018686,9.61E-05,0.000187708,2.21E-05,0.000223901,0,0,0,0,0,0,7.66E-05,0.000220574,0.000209468,0,1.28E-06,3.62E-06,0,0.000144622,3.31E-05,0.000228466,0.000301392,0.000374014,0,0,5.27E-06,0,4.92E-06,2.05E-05,0,1.08E-05,6.287134614,2.967127351,3.320007263,5.965896454,26.31731726